host,dt,revolution,speed,heat,cooling,elapsedtime
"actor-mower-0","2017-04-02 08:14:51",1000.0,0.0,51.0,0.0,false
"actor-mower-0","2017-04-02 08:14:51",1000.0,0.0,51.0,0.0,false
"actor-mower-0","2017-04-02 08:14:51",1248.84,24.78,53.4,0.5,false
"actor-mower-0","2017-04-02 08:14:52",1748.36,14.06,67.78,1.0,false
"actor-mower-0","2017-04-02 08:14:52",2545.26,24.92,72.81,1.5,false
"actor-mower-0","2017-04-02 08:14:53",2878.67,22.16,73.37,2.0,false
"actor-mower-0","2017-04-02 08:14:53",3616.13,25.49,97.96,2.5,false
"actor-mower-0","2017-04-02 08:14:54",4169.29,24.43,95.42,3.0,false
"actor-mower-0","2017-04-02 08:14:54",651.04,27.36,78.33,3.5,false
"actor-mower-0","2017-04-02 08:14:55",995.28,25.08,115.86,4.0,false
"actor-mower-0","2017-04-02 08:14:55",1627.05,25.13,113.63,4.5,false
"actor-mower-0","2017-04-02 08:14:56",2346.93,22.73,119.03,5.0,false
"actor-mower-0","2017-04-02 08:14:56",2877.94,24.98,110.74,5.5,false
"actor-mower-0","2017-04-02 08:14:57",3462.04,23.79,148.68,6.0,false
"actor-mower-0","2017-04-02 08:14:57",4079.08,334.64,147.66,6.5,false
"actor-mower-0","2017-04-02 08:14:58",908.22,8.27,149.06,7.0,false
"actor-mower-0","2017-04-02 08:14:58",1534.15,25.13,159.12,7.5,false
"actor-mower-0","2017-04-02 08:14:59",2182.55,20.21,143.51,8.0,false
"actor-mower-0","2017-04-02 08:15:00",2668.14,13.71,174.32,8.5,false
"actor-mower-0","2017-04-02 08:15:00",3251.35,24.99,169.9,9.0,false
"actor-mower-0","2017-04-02 08:15:01",3408.63,31.56,160.77,9.5,false
"actor-mower-0","2017-04-02 08:15:01",3581.17,26.17,179.79,10.0,false
"actor-mower-0","2017-04-02 08:15:02",4207.47,27.65,176.05,10.5,false
"actor-mower-0","2017-04-02 08:15:02",1062.49,19.3,183.96,11.0,false
"actor-mower-0","2017-04-02 08:15:03",1602.34,33.25,171.69,11.5,false
"actor-mower-0","2017-04-02 08:15:03",2326.55,32.41,176.14,12.0,false
"actor-mower-0","2017-04-02 08:15:04",2777.73,21.92,178.18,12.5,false
"actor-mower-0","2017-04-02 08:15:04",3438.51,24.29,203.78,13.0,false
"actor-mower-0","2017-04-02 08:15:05",3815.82,22.44,206.03,13.5,false
"actor-mower-0","2017-04-02 08:15:05",4444.44,25.55,197.31,14.0,false
"actor-mower-0","2017-04-02 08:15:06",919.56,25.22,220.77,14.5,false
"actor-mower-0","2017-04-02 08:15:06",1711.57,34.29,199.87,15.0,false
"actor-mower-0","2017-04-02 08:15:07",2125.59,24.99,201.57,15.5,false
"actor-mower-0","2017-04-02 08:15:07",2581.44,36.98,217.1,16.0,false
"actor-mower-0","2017-04-02 08:15:08",3219.4,24.74,226.64,16.5,false
"actor-mower-0","2017-04-02 08:15:08",3792.3,5.52,219.75,17.0,false
"actor-mower-0","2017-04-02 08:15:09",4204.09,26.26,226.82,17.5,false
"actor-mower-0","2017-04-02 08:15:09",1081.78,24.02,230.75,18.0,false
"actor-mower-0","2017-04-02 08:15:10",1622.03,24.32,231.1,18.5,false
"actor-mower-0","2017-04-02 08:15:10",2018.67,25.11,231.29,19.0,false
"actor-mower-0","2017-04-02 08:15:11",2649.98,25.01,223.98,19.5,false
"actor-mower-0","2017-04-02 08:15:11",3137.84,27.0,229.51,20.0,false
"actor-mower-0","2017-04-02 08:15:12",3602.39,34.12,226.9,20.5,false
"actor-mower-0","2017-04-02 08:15:13",3868.3,27.92,221.59,21.0,false
"actor-mower-0","2017-04-02 08:15:13",4196.25,26.11,219.12,21.5,false
"actor-mower-0","2017-04-02 08:15:14",1130.19,28.25,223.23,22.0,false
"actor-mower-0","2017-04-02 08:15:14",1706.08,20.83,219.36,22.5,false
"actor-mower-0","2017-04-02 08:15:15",1952.25,23.68,226.72,23.0,false
"actor-mower-0","2017-04-02 08:15:15",2143.51,23.25,225.26,23.5,false
"actor-mower-0","2017-04-02 08:15:16",2670.5,25.5,230.34,24.0,false
"actor-mower-0","2017-04-02 08:15:16",3194.87,38.31,232.46,24.5,false
"actor-mower-0","2017-04-02 08:15:17",4001.03,30.85,222.19,25.0,false
"actor-mower-0","2017-04-02 08:15:17",1190.0,24.89,235.37,25.5,false
"actor-mower-0","2017-04-02 08:15:18",1670.03,14.77,232.95,26.0,false
"actor-mower-0","2017-04-02 08:15:18",1977.91,24.29,245.44,26.5,false
"actor-mower-0","2017-04-02 08:15:19",2211.11,26.0,251.91,27.0,false
"actor-mower-0","2017-04-02 08:15:19",2542.47,24.67,241.16,0.0,true
"actor-mower-0","2017-04-02 08:15:20",3287.99,24.97,259.45,0.5,true
"actor-mower-0","2017-04-02 08:15:20",3945.42,23.86,231.86,1.0,true
"actor-mower-0","2017-04-02 08:15:21",4434.0,25.69,247.19,1.5,true
"actor-mower-0","2017-04-02 08:15:21",770.27,39.53,240.04,2.0,true
"actor-mower-0","2017-04-02 08:15:22",1252.97,29.25,243.41,2.5,true
"actor-mower-0","2017-04-02 08:15:22",1799.04,23.34,253.79,3.0,true
"actor-mower-0","2017-04-02 08:15:23",2282.19,29.37,219.45,3.5,true
"actor-mower-0","2017-04-02 08:15:23",2901.95,26.56,191.56,4.0,true
"actor-mower-0","2017-04-02 08:15:24",3470.43,24.14,212.28,4.5,true
"actor-mower-0","2017-04-02 08:15:24",4135.01,24.72,198.12,5.0,true
"actor-mower-0","2017-04-02 08:15:25",911.63,24.99,214.08,5.5,true
"actor-mower-0","2017-04-02 08:15:26",1161.32,23.85,207.13,6.0,true
"actor-mower-0","2017-04-02 08:15:26",1809.49,24.61,185.13,6.5,true
"actor-mower-0","2017-04-02 08:15:27",2146.57,26.3,208.56,7.0,true
"actor-mower-0","2017-04-02 08:15:27",2913.96,23.14,202.91,7.5,true
"actor-mower-0","2017-04-02 08:15:28",3266.02,27.13,200.64,8.0,true
"actor-mower-0","2017-04-02 08:15:28",3626.74,21.81,194.78,8.5,true
"actor-mower-0","2017-04-02 08:15:29",4263.4,15.85,177.14,9.0,true
"actor-mower-0","2017-04-02 08:15:29",893.72,24.21,178.58,9.5,true
"actor-mower-0","2017-04-02 08:15:30",1397.13,24.71,177.48,10.0,true
"actor-mower-0","2017-04-02 08:15:30",2095.12,22.75,149.13,10.5,true
"actor-mower-0","2017-04-02 08:15:31",2380.65,28.08,177.59,11.0,true
"actor-mower-0","2017-04-02 08:15:31",2730.33,24.8,158.55,11.5,true
"actor-mower-0","2017-04-02 08:15:32",3409.45,25.24,162.1,12.0,true
"actor-mower-0","2017-04-02 08:15:32",3740.64,25.82,162.39,12.5,true
"actor-mower-0","2017-04-02 08:15:33",4136.9,25.98,135.46,13.0,true
"actor-mower-0","2017-04-02 08:15:33",975.68,25.03,172.34,13.5,true
"actor-mower-0","2017-04-02 08:15:34",1479.73,21.52,160.66,14.0,true
"actor-mower-0","2017-04-02 08:15:34",2093.09,16.08,146.57,14.5,true
"actor-mower-0","2017-04-02 08:15:35",2771.61,26.74,134.47,15.0,true
"actor-mower-0","2017-04-02 08:15:35",3335.18,25.03,149.82,15.5,true
"actor-mower-0","2017-04-02 08:15:36",3877.17,22.49,126.57,16.0,true
"actor-mower-0","2017-04-02 08:15:36",4171.21,23.17,160.68,16.5,true
"actor-mower-0","2017-04-02 08:15:37",909.8,33.37,143.11,17.0,true
"actor-mower-0","2017-04-02 08:15:37",1299.95,23.92,136.2,17.5,true
"actor-mower-0","2017-04-02 08:15:38",1910.52,25.11,103.37,18.0,true
"actor-mower-0","2017-04-02 08:15:39",2363.41,27.61,133.16,18.5,true
"actor-mower-0","2017-04-02 08:15:39",2766.9,22.22,106.93,19.0,true
"actor-mower-0","2017-04-02 08:15:40",3083.5,-14.62,120.37,19.5,true
"actor-mower-0","2017-04-02 08:15:40",3628.78,25.54,127.81,20.0,true
"actor-mower-0","2017-04-02 08:15:41",4092.04,25.03,115.61,20.5,true
"actor-mower-0","2017-04-02 08:15:41",975.86,27.83,93.86,21.0,true
"actor-mower-0","2017-04-02 08:15:42",1564.83,25.44,122.39,21.5,true
"actor-mower-0","2017-04-02 08:15:42",2204.46,28.42,123.15,22.0,true
"actor-mower-0","2017-04-02 08:15:43",2862.2,25.0,122.42,22.5,true
"actor-mower-0","2017-04-02 08:15:43",3350.59,24.86,124.25,23.0,true
"actor-mower-0","2017-04-02 08:15:44",4095.64,25.92,107.86,23.5,true
"actor-mower-0","2017-04-02 08:15:44",1121.9,26.41,104.92,24.0,true
"actor-mower-0","2017-04-02 08:15:45",1890.86,20.21,120.63,24.5,true
"actor-mower-0","2017-04-02 08:15:45",2388.47,34.31,95.89,25.0,true
"actor-mower-0","2017-04-02 08:15:46",2818.09,25.0,98.47,25.5,true
"actor-mower-0","2017-04-02 08:15:46",3542.55,24.91,116.29,26.0,true
"actor-mower-0","2017-04-02 08:15:47",3731.02,24.34,106.11,26.5,true
"actor-mower-0","2017-04-02 08:15:47",4377.89,26.84,115.18,27.0,true
"actor-mower-0","2017-04-02 08:15:48",809.18,47.02,93.74,27.5,true
"actor-mower-0","2017-04-02 08:15:48",1570.2,25.01,98.76,28.0,true
"actor-mower-0","2017-04-02 08:15:49",2030.6,25.01,96.74,28.5,true
"actor-mower-0","2017-04-02 08:15:49",2405.56,35.2,94.63,29.0,true
"actor-mower-0","2017-04-02 08:15:50",3037.23,23.74,78.64,29.5,true
"actor-mower-0","2017-04-02 08:15:50",3612.76,27.85,71.39,30.0,true
"actor-mower-0","2017-04-02 08:15:51",4050.68,30.28,91.18,30.5,true
"actor-mower-0","2017-04-02 08:15:52",960.96,24.6,76.88,31.0,true
"actor-mower-0","2017-04-02 08:15:52",1571.77,24.78,75.16,31.5,true
"actor-mower-0","2017-04-02 08:15:53",1957.61,22.83,93.72,32.0,true
"actor-mower-0","2017-04-02 08:15:53",2770.78,25.0,97.89,32.5,true
"actor-mower-0","2017-04-02 08:15:54",3355.03,-8.7,94.38,33.0,true
"actor-mower-0","2017-04-02 08:15:54",3867.52,40.95,87.84,33.5,true
"actor-mower-0","2017-04-02 08:15:55",4164.58,24.8,90.67,34.0,true
"actor-mower-0","2017-04-02 08:15:55",1183.42,35.56,98.64,34.5,true
"actor-mower-0","2017-04-02 08:15:56",1937.83,20.87,82.82,35.0,true
"actor-mower-0","2017-04-02 08:15:56",2615.29,13.84,88.28,35.5,true
"actor-mower-0","2017-04-02 08:15:57",3329.19,24.99,76.42,36.0,true
"actor-mower-0","2017-04-02 08:15:57",4036.9,24.61,79.93,36.5,true
"actor-mower-0","2017-04-02 08:15:58",1041.89,25.02,98.0,37.0,true
"actor-mower-0","2017-04-02 08:15:58",1583.24,17.03,77.94,37.5,true
"actor-mower-0","2017-04-02 08:15:59",2282.26,24.61,73.33,38.0,true
"actor-mower-0","2017-04-02 08:15:59",2598.28,23.76,68.64,38.5,true
"actor-mower-0","2017-04-02 08:16:00",3242.28,14.59,100.17,39.0,true
"actor-mower-0","2017-04-02 08:16:00",3633.48,23.55,94.6,39.5,true
"actor-mower-0","2017-04-02 08:16:01",4134.57,24.41,57.14,40.0,true
"actor-mower-0","2017-04-02 08:16:01",1000.38,26.4,75.77,40.5,true
"actor-mower-0","2017-04-02 08:16:02",1574.88,25.41,81.68,41.0,true
"actor-mower-0","2017-04-02 08:16:02",2151.82,23.0,70.32,41.5,true
"actor-mower-0","2017-04-02 08:16:03",2463.69,30.94,95.65,42.0,true
"actor-mower-0","2017-04-02 08:16:03",2979.67,25.02,86.18,42.5,true
"actor-mower-0","2017-04-02 08:16:04",3688.89,25.82,78.22,43.0,true
"actor-mower-0","2017-04-02 08:16:05",4479.89,24.99,63.67,43.5,true
"actor-mower-0","2017-04-02 08:16:05",1015.22,24.49,69.86,44.0,true
"actor-mower-0","2017-04-02 08:16:06",1385.27,25.0,66.74,44.5,true
"actor-mower-0","2017-04-02 08:16:06",2030.2,23.96,66.42,45.0,true
"actor-mower-0","2017-04-02 08:16:07",2575.07,24.04,60.72,45.5,true
"actor-mower-0","2017-04-02 08:16:07",2918.31,2.81,89.96,46.0,true
"actor-mower-0","2017-04-02 08:16:08",3371.14,33.47,66.47,46.5,true
"actor-mower-0","2017-04-02 08:16:08",4159.36,37.84,59.03,47.0,true
"actor-mower-0","2017-04-02 08:16:09",975.5,33.61,53.75,47.5,true
"actor-mower-0","2017-04-02 08:16:09",1410.48,19.37,55.38,48.0,true
"actor-mower-0","2017-04-02 08:16:10",1956.74,25.06,73.53,48.5,true
"actor-mower-0","2017-04-02 08:16:10",2535.23,6.21,69.33,49.0,true
"actor-mower-0","2017-04-02 08:16:11",2856.28,20.91,71.58,49.5,true
"actor-mower-0","2017-04-02 08:16:11",3564.44,25.56,73.88,50.0,true
"actor-mower-0","2017-04-02 08:16:12",4246.23,18.1,65.51,50.5,true
"actor-mower-0","2017-04-02 08:16:12",1057.22,16.17,61.72,51.0,true
"actor-mower-0","2017-04-02 08:16:13",1568.1,26.51,60.11,51.5,true
"actor-mower-0","2017-04-02 08:16:13",2266.27,42.51,55.18,52.0,true
"actor-mower-0","2017-04-02 08:16:14",2637.28,24.58,64.99,52.5,true
"actor-mower-0","2017-04-02 08:16:14",3062.2,25.32,63.57,53.0,true
"actor-mower-0","2017-04-02 08:16:15",3535.15,24.8,61.96,53.5,true
"actor-mower-0","2017-04-02 08:16:15",4090.79,22.66,45.62,54.0,true
"actor-mower-0","2017-04-02 08:16:16",1092.41,31.46,61.12,0.0,false
"actor-mower-0","2017-04-02 08:16:16",1345.88,20.36,53.47,0.5,false
"actor-mower-0","2017-04-02 08:16:17",1915.25,29.88,45.0,1.0,false
"actor-mower-0","2017-04-02 08:16:18",2261.41,19.87,54.43,1.5,false
"actor-mower-0","2017-04-02 08:16:18",2738.62,25.1,70.9,2.0,false
"actor-mower-0","2017-04-02 08:16:19",2993.39,26.63,89.51,2.5,false
"actor-mower-0","2017-04-02 08:16:19",3280.12,25.8,79.45,3.0,false
"actor-mower-0","2017-04-02 08:16:20",3828.27,27.22,89.43,3.5,false
"actor-mower-0","2017-04-02 08:16:20",4047.99,25.11,122.87,4.0,false
"actor-mower-0","2017-04-02 08:16:21",1057.14,26.59,108.76,4.5,false
"actor-mower-0","2017-04-02 08:16:21",1479.43,15.71,121.34,5.0,false
"actor-mower-0","2017-04-02 08:16:22",1730.36,24.41,140.72,5.5,false
"actor-mower-0","2017-04-02 08:16:22",2369.78,26.33,137.13,6.0,false
"actor-mower-0","2017-04-02 08:16:23",2809.77,26.13,144.94,6.5,false
"actor-mower-0","2017-04-02 08:16:23",3168.16,20.55,135.63,7.0,false
"actor-mower-0","2017-04-02 08:16:24",3783.37,19.09,157.04,7.5,false
"actor-mower-0","2017-04-02 08:16:24",4076.81,8.14,175.56,8.0,false
"actor-mower-0","2017-04-02 08:16:25",1349.01,21.58,179.18,8.5,false
"actor-mower-0","2017-04-02 08:16:25",1804.84,29.1,163.35,9.0,false
"actor-mower-0","2017-04-02 08:16:26",2184.89,25.0,158.66,9.5,false
"actor-mower-0","2017-04-02 08:16:26",2596.68,23.09,150.28,10.0,false
"actor-mower-0","2017-04-02 08:16:27",2889.99,25.54,166.9,10.5,false
"actor-mower-0","2017-04-02 08:16:27",3427.72,25.31,178.39,11.0,false
"actor-mower-0","2017-04-02 08:16:28",4049.03,40.65,184.09,11.5,false
"actor-mower-0","2017-04-02 08:16:28",986.2,25.31,169.74,12.0,false
"actor-mower-0","2017-04-02 08:16:29",1634.38,23.44,191.55,12.5,false
"actor-mower-0","2017-04-02 08:16:29",2116.38,26.15,185.58,13.0,false
"actor-mower-0","2017-04-02 08:16:30",2444.32,24.99,203.38,13.5,false
"actor-mower-0","2017-04-02 08:16:31",2879.85,25.43,187.98,14.0,false
"actor-mower-0","2017-04-02 08:16:31",3378.87,22.61,196.23,14.5,false
"actor-mower-0","2017-04-02 08:16:32",4088.75,23.99,195.62,15.0,false
"actor-mower-0","2017-04-02 08:16:32",933.44,24.56,209.49,15.5,false
"actor-mower-0","2017-04-02 08:16:33",1640.48,26.17,200.99,16.0,false
"actor-mower-0","2017-04-02 08:16:33",1903.62,27.07,219.74,16.5,false
"actor-mower-0","2017-04-02 08:16:34",2352.19,25.0,227.5,17.0,false
"actor-mower-0","2017-04-02 08:16:34",2659.54,25.41,220.5,17.5,false
"actor-mower-0","2017-04-02 08:16:35",3106.29,18.3,220.61,18.0,false
"actor-mower-0","2017-04-02 08:16:35",3543.81,25.63,209.88,18.5,false
"actor-mower-0","2017-04-02 08:16:36",3988.96,24.51,213.67,19.0,false
"actor-mower-0","2017-04-02 08:16:36",4175.23,22.08,221.68,19.5,false
"actor-mower-0","2017-04-02 08:16:37",1208.9,26.01,229.17,20.0,false
"actor-mower-0","2017-04-02 08:16:37",1656.8,23.82,224.8,20.5,false
"actor-mower-0","2017-04-02 08:16:38",2220.62,40.15,208.27,21.0,false
"actor-mower-0","2017-04-02 08:16:38",2870.89,2.04,236.75,21.5,false
"actor-mower-0","2017-04-02 08:16:39",3425.84,25.0,226.56,22.0,false
"actor-mower-0","2017-04-02 08:16:39",4104.1,24.98,230.61,22.5,false
"actor-mower-0","2017-04-02 08:16:40",993.32,24.45,233.4,23.0,false
"actor-mower-0","2017-04-02 08:16:40",1742.08,24.89,238.56,23.5,false
"actor-mower-0","2017-04-02 08:16:41",2302.67,27.78,241.04,24.0,false
"actor-mower-0","2017-04-02 08:16:41",2995.77,23.51,249.08,24.5,false
"actor-mower-0","2017-04-02 08:16:42",3530.03,24.55,247.15,25.0,false
"actor-mower-0","2017-04-02 08:16:42",3955.37,52.37,223.54,25.5,false
"actor-mower-0","2017-04-02 08:16:43",4626.7,25.32,219.91,26.0,false
"actor-mower-0","2017-04-02 08:16:44",940.66,25.94,250.86,26.5,false
"actor-mower-0","2017-04-02 08:16:44",1443.55,23.7,241.13,0.0,true
"actor-mower-0","2017-04-02 08:16:45",1811.43,25.38,245.89,0.5,true
"actor-mower-0","2017-04-02 08:16:45",2348.93,24.92,251.49,1.0,true
"actor-mower-0","2017-04-02 08:16:46",2764.09,24.85,233.37,1.5,true
"actor-mower-0","2017-04-02 08:16:46",3218.41,25.14,245.78,2.0,true
"actor-mower-0","2017-04-02 08:16:47",3793.08,22.03,228.55,2.5,true
"actor-mower-0","2017-04-02 08:16:47",4303.75,24.91,229.89,3.0,true
"actor-mower-0","2017-04-02 08:16:48",1171.58,26.46,219.74,3.5,true
"actor-mower-0","2017-04-02 08:16:48",1853.56,9.89,223.52,4.0,true
"actor-mower-0","2017-04-02 08:16:49",2055.78,23.0,207.76,4.5,true
"actor-mower-0","2017-04-02 08:16:49",2680.76,24.79,220.63,5.0,true
"actor-mower-0","2017-04-02 08:16:50",2882.67,25.01,207.99,5.5,true
"actor-mower-0","2017-04-02 08:16:50",3555.6,24.99,176.64,6.0,true
"actor-mower-0","2017-04-02 08:16:51",4255.95,24.68,196.8,6.5,true
"actor-mower-0","2017-04-02 08:16:51",850.65,19.64,194.55,7.0,true
"actor-mower-0","2017-04-02 08:16:52",1530.81,23.01,174.9,7.5,true
"actor-mower-0","2017-04-02 08:16:52",2041.84,21.23,197.96,8.0,true
"actor-mower-0","2017-04-02 08:16:53",2542.03,14.95,195.98,8.5,true
"actor-mower-0","2017-04-02 08:16:53",3073.56,25.36,177.23,9.0,true
"actor-mower-0","2017-04-02 08:16:54",3786.32,24.17,182.6,9.5,true
"actor-mower-0","2017-04-02 08:16:54",4458.35,10.17,162.87,10.0,true
"actor-mower-0","2017-04-02 08:16:55",1117.92,14.76,185.14,10.5,true
"actor-mower-0","2017-04-02 08:16:55",1658.65,25.56,166.27,11.0,true
"actor-mower-0","2017-04-02 08:16:56",2158.01,24.85,168.95,11.5,true
"actor-mower-0","2017-04-02 08:16:57",2821.1,24.58,159.8,12.0,true
"actor-mower-0","2017-04-02 08:16:57",3389.37,22.76,150.44,12.5,true
"actor-mower-0","2017-04-02 08:16:58",4041.44,29.69,154.65,13.0,true
"actor-mower-0","2017-04-02 08:16:58",1130.38,24.87,149.9,13.5,true
"actor-mower-0","2017-04-02 08:16:59",1617.5,25.02,156.73,14.0,true
"actor-mower-0","2017-04-02 08:16:59",2150.16,22.06,160.22,14.5,true
"actor-mower-0","2017-04-02 08:17:00",2630.58,28.75,148.02,15.0,true
"actor-mower-0","2017-04-02 08:17:00",3056.94,24.94,166.71,15.5,true
"actor-mower-0","2017-04-02 08:17:01",3756.02,19.41,154.38,16.0,true
"actor-mower-0","2017-04-02 08:17:01",4230.25,25.19,153.35,16.5,true
"actor-mower-0","2017-04-02 08:17:02",1159.56,24.9,158.56,17.0,true
"actor-mower-0","2017-04-02 08:17:02",1803.36,24.53,140.97,17.5,true
"actor-mower-0","2017-04-02 08:17:03",2528.06,27.46,138.81,18.0,true
"actor-mower-0","2017-04-02 08:17:03",3017.1,39.22,140.37,18.5,true
"actor-mower-0","2017-04-02 08:17:04",3607.87,25.08,130.08,19.0,true
"actor-mower-0","2017-04-02 08:17:04",4065.5,36.34,136.76,19.5,true
"actor-mower-0","2017-04-02 08:17:05",940.96,29.99,132.78,20.0,true
"actor-mower-0","2017-04-02 08:17:05",1249.95,25.82,112.86,20.5,true
"actor-mower-0","2017-04-02 08:17:06",1535.8,24.3,116.05,21.0,true
"actor-mower-0","2017-04-02 08:17:06",2221.06,23.23,116.61,21.5,true
"actor-mower-0","2017-04-02 08:17:07",2876.94,24.83,111.75,22.0,true
"actor-mower-0","2017-04-02 08:17:07",3064.25,25.06,110.82,22.5,true
"actor-mower-0","2017-04-02 08:17:08",3494.36,25.14,110.42,23.0,true
"actor-mower-0","2017-04-02 08:17:08",3712.51,25.16,107.1,23.5,true
"actor-mower-0","2017-04-02 08:17:09",3909.72,25.17,109.7,24.0,true
"actor-mower-0","2017-04-02 08:17:10",4226.56,19.47,100.8,24.5,true
"actor-mower-0","2017-04-02 08:17:10",1003.21,32.84,123.37,25.0,true
"actor-mower-0","2017-04-02 08:17:11",1494.8,25.93,113.72,25.5,true
"actor-mower-0","2017-04-02 08:17:11",2128.61,20.85,104.7,26.0,true
"actor-mower-0","2017-04-02 08:17:12",2749.06,24.94,96.32,26.5,true
"actor-mower-0","2017-04-02 08:17:12",3191.28,20.41,98.08,27.0,true
"actor-mower-0","2017-04-02 08:17:13",3779.12,22.45,102.92,27.5,true
"actor-mower-0","2017-04-02 08:17:13",4184.61,24.82,112.81,28.0,true
"actor-mower-0","2017-04-02 08:17:14",860.09,26.57,86.3,28.5,true
"actor-mower-0","2017-04-02 08:17:14",1454.68,25.3,89.05,29.0,true
"actor-mower-0","2017-04-02 08:17:15",2137.29,22.89,108.57,29.5,true
"actor-mower-0","2017-04-02 08:17:15",2673.66,25.43,101.31,30.0,true
"actor-mower-0","2017-04-02 08:17:16",3536.31,37.95,102.36,30.5,true
"actor-mower-0","2017-04-02 08:17:16",3992.39,23.7,90.55,31.0,true
"actor-mower-0","2017-04-02 08:17:17",4659.4,25.1,90.66,31.5,true
"actor-mower-0","2017-04-02 08:17:17",576.29,22.23,94.86,32.0,true
"actor-mower-0","2017-04-02 08:17:18",816.92,24.47,105.96,32.5,true
"actor-mower-0","2017-04-02 08:17:18",1110.01,30.55,88.57,33.0,true
"actor-mower-0","2017-04-02 08:17:19",1490.04,25.61,83.86,33.5,true
"actor-mower-0","2017-04-02 08:17:19",2212.37,21.86,69.98,34.0,true
"actor-mower-0","2017-04-02 08:17:20",2978.95,55.94,84.66,34.5,true
"actor-mower-0","2017-04-02 08:17:20",3674.89,36.71,104.04,35.0,true
"actor-mower-0","2017-04-02 08:17:21",4207.17,24.64,68.93,35.5,true
"actor-mower-0","2017-04-02 08:17:21",1105.88,21.47,78.12,36.0,true
"actor-mower-0","2017-04-02 08:17:22",1709.97,24.7,101.79,36.5,true
"actor-mower-0","2017-04-02 08:17:23",2240.17,25.0,93.14,37.0,true
"actor-mower-0","2017-04-02 08:17:23",2693.97,30.44,72.62,37.5,true
"actor-mower-0","2017-04-02 08:17:24",3096.23,25.8,62.43,38.0,true
"actor-mower-0","2017-04-02 08:17:24",3321.49,25.43,85.87,38.5,true
"actor-mower-0","2017-04-02 08:17:25",3828.66,25.0,81.17,39.0,true
"actor-mower-0","2017-04-02 08:17:25",4211.14,25.02,64.16,39.5,true
"actor-mower-0","2017-04-02 08:17:26",1056.56,26.95,86.76,40.0,true
"actor-mower-0","2017-04-02 08:17:26",1256.26,19.47,88.01,40.5,true
"actor-mower-0","2017-04-02 08:17:27",1751.96,18.33,98.23,41.0,true
"actor-mower-0","2017-04-02 08:17:27",2039.93,19.73,61.02,41.5,true
"actor-mower-0","2017-04-02 08:17:28",2626.72,23.61,79.43,42.0,true
"actor-mower-0","2017-04-02 08:17:28",3337.08,12.9,75.4,42.5,true
"actor-mower-0","2017-04-02 08:17:29",3778.0,26.61,76.87,43.0,true
"actor-mower-0","2017-04-02 08:17:29",4224.28,25.6,79.82,43.5,true
"actor-mower-0","2017-04-02 08:17:30",1120.56,23.3,67.38,44.0,true
"actor-mower-0","2017-04-02 08:17:30",1701.9,24.97,56.66,44.5,true
"actor-mower-0","2017-04-02 08:17:31",2349.36,19.61,65.31,45.0,true
"actor-mower-0","2017-04-02 08:17:31",3126.85,34.95,71.99,45.5,true
"actor-mower-0","2017-04-02 08:17:32",3785.73,27.26,75.5,46.0,true
"actor-mower-0","2017-04-02 08:17:32",4093.1,-1.84,85.53,46.5,true
"actor-mower-0","2017-04-02 08:17:33",1123.41,28.52,63.32,47.0,true
"actor-mower-0","2017-04-02 08:17:33",1774.39,19.51,88.57,47.5,true
"actor-mower-0","2017-04-02 08:17:34",2416.69,27.45,78.92,48.0,true
"actor-mower-0","2017-04-02 08:17:34",2863.99,27.85,71.67,48.5,true
"actor-mower-0","2017-04-02 08:17:35",3193.86,28.37,57.28,49.0,true
"actor-mower-0","2017-04-02 08:17:36",3845.76,26.62,71.57,49.5,true
"actor-mower-0","2017-04-02 08:17:36",4122.29,24.94,70.63,50.0,true
"actor-mower-0","2017-04-02 08:17:37",1055.98,28.72,51.42,50.5,true
"actor-mower-0","2017-04-02 08:17:37",1704.77,29.13,80.28,51.0,true
"actor-mower-0","2017-04-02 08:17:38",2343.45,18.47,62.09,51.5,true
"actor-mower-0","2017-04-02 08:17:38",2762.97,26.72,71.66,52.0,true
"actor-mower-0","2017-04-02 08:17:39",3377.19,25.02,70.79,52.5,true
"actor-mower-0","2017-04-02 08:17:39",3701.05,24.38,75.99,53.0,true
"actor-mower-0","2017-04-02 08:17:40",4185.98,24.01,64.48,53.5,true
"actor-mower-0","2017-04-02 08:17:40",890.63,30.28,79.44,54.0,true
"actor-mower-0","2017-04-02 08:17:41",1527.84,30.46,73.08,54.5,true
"actor-mower-0","2017-04-02 08:17:41",2191.37,24.99,58.92,55.0,true
"actor-mower-0","2017-04-02 08:17:42",2671.33,24.62,57.91,55.5,true
"actor-mower-0","2017-04-02 08:17:42",3116.33,13.94,73.1,56.0,true
"actor-mower-0","2017-04-02 08:17:43",3826.6,20.41,41.55,56.5,true
"actor-mower-0","2017-04-02 08:17:43",4217.99,24.66,71.35,0.0,false
"actor-mower-0","2017-04-02 08:17:44",996.55,24.31,54.22,0.5,false
"actor-mower-0","2017-04-02 08:17:44",1366.06,32.06,68.59,1.0,false
"actor-mower-0","2017-04-02 08:17:45",1754.82,25.47,48.84,1.5,false
"actor-mower-0","2017-04-02 08:17:45",2170.07,26.92,76.59,2.0,false
"actor-mower-0","2017-04-02 08:17:46",2641.62,25.41,102.93,2.5,false
"actor-mower-0","2017-04-02 08:17:46",2944.89,31.66,85.77,3.0,false
"actor-mower-0","2017-04-02 08:17:47",3629.92,22.36,92.67,3.5,false
"actor-mower-0","2017-04-02 08:17:47",4051.89,24.96,118.92,4.0,false
"actor-mower-0","2017-04-02 08:17:48",918.72,22.37,126.22,4.5,false
"actor-mower-0","2017-04-02 08:17:49",1600.08,25.34,127.63,5.0,false
"actor-mower-0","2017-04-02 08:17:49",2242.34,31.33,105.12,5.5,false
"actor-mower-0","2017-04-02 08:17:50",2935.49,23.75,124.43,6.0,false
"actor-mower-0","2017-04-02 08:17:50",3367.65,26.29,128.54,6.5,false
"actor-mower-0","2017-04-02 08:17:51",3470.83,16.07,161.93,7.0,false
"actor-mower-0","2017-04-02 08:17:51",3906.49,21.41,153.4,7.5,false
"actor-mower-0","2017-04-02 08:17:52",4622.18,24.81,161.22,8.0,false
"actor-mower-0","2017-04-02 08:17:52",915.74,24.9,152.95,8.5,false
"actor-mower-0","2017-04-02 08:17:53",1312.01,25.03,135.07,9.0,false
"actor-mower-0","2017-04-02 08:17:53",1782.87,30.21,178.45,9.5,false
"actor-mower-0","2017-04-02 08:17:54",2169.39,26.39,204.04,10.0,false
"actor-mower-0","2017-04-02 08:17:54",2902.32,30.95,171.31,10.5,false
"actor-mower-0","2017-04-02 08:17:55",3524.83,25.27,151.75,11.0,false
"actor-mower-0","2017-04-02 08:17:55",4120.73,32.26,167.25,11.5,false
"actor-mower-0","2017-04-02 08:17:56",1195.31,25.0,182.12,12.0,false
"actor-mower-0","2017-04-02 08:17:56",1770.36,26.63,173.95,12.5,false
"actor-mower-0","2017-04-02 08:17:57",2459.47,24.46,203.91,13.0,false
"actor-mower-0","2017-04-02 08:17:57",2895.95,5.75,197.52,13.5,false
"actor-mower-0","2017-04-02 08:17:58",3488.07,38.91,196.05,14.0,false
"actor-mower-0","2017-04-02 08:17:58",3930.52,26.25,189.77,14.5,false
"actor-mower-0","2017-04-02 08:17:59",4179.24,24.76,200.22,15.0,false
"actor-mower-0","2017-04-02 08:17:59",936.63,30.26,203.47,15.5,false
"actor-mower-0","2017-04-02 08:18:00",1714.97,25.53,201.31,16.0,false
"actor-mower-0","2017-04-02 08:18:00",2296.26,28.57,228.34,16.5,false
"actor-mower-0","2017-04-02 08:18:01",2592.99,-1.91,225.24,17.0,false
"actor-mower-0","2017-04-02 08:18:02",3039.15,24.98,226.04,17.5,false
"actor-mower-0","2017-04-02 08:18:02",3287.38,26.74,194.77,18.0,false
"actor-mower-0","2017-04-02 08:18:03",3685.48,24.49,218.35,18.5,false
"actor-mower-0","2017-04-02 08:18:03",4259.62,27.91,225.45,19.0,false
"actor-mower-0","2017-04-02 08:18:04",1159.8,3.68,225.92,19.5,false
"actor-mower-0","2017-04-02 08:18:04",1806.29,26.71,228.96,20.0,false
"actor-mower-0","2017-04-02 08:18:05",2243.77,42.92,236.38,20.5,false
"actor-mower-0","2017-04-02 08:18:05",2902.96,24.81,208.36,21.0,false
"actor-mower-0","2017-04-02 08:18:06",3600.84,26.48,229.05,21.5,false
"actor-mower-0","2017-04-02 08:18:06",4218.25,27.52,223.0,22.0,false
"actor-mower-0","2017-04-02 08:18:07",1011.53,28.31,215.45,22.5,false
"actor-mower-0","2017-04-02 08:18:07",1557.2,24.58,225.75,23.0,false
"actor-mower-0","2017-04-02 08:18:08",2064.85,28.8,227.74,23.5,false
"actor-mower-0","2017-04-02 08:18:08",2533.65,24.86,237.73,24.0,false
"actor-mower-0","2017-04-02 08:18:09",2978.38,25.51,252.9,24.5,false
"actor-mower-0","2017-04-02 08:18:09",3106.74,24.96,210.44,0.0,true
"actor-mower-0","2017-04-02 08:18:10",3681.3,25.32,255.03,0.5,true
"actor-mower-0","2017-04-02 08:18:10",4196.46,24.98,253.38,1.0,true
"actor-mower-0","2017-04-02 08:18:11",970.48,24.9,239.33,1.5,true
"actor-mower-0","2017-04-02 08:18:11",1153.46,21.45,252.27,2.0,true
"actor-mower-0","2017-04-02 08:18:12",1849.68,25.15,224.15,2.5,true
"actor-mower-0","2017-04-02 08:18:12",2426.68,28.9,226.94,3.0,true
"actor-mower-0","2017-04-02 08:18:13",2945.95,28.74,203.97,3.5,true
"actor-mower-0","2017-04-02 08:18:13",3402.85,26.23,211.55,4.0,true
"actor-mower-0","2017-04-02 08:18:14",3932.37,25.62,216.98,4.5,true
"actor-mower-0","2017-04-02 08:18:15",4472.0,25.26,198.89,5.0,true
"actor-mower-0","2017-04-02 08:18:15",977.57,25.2,206.26,5.5,true
"actor-mower-0","2017-04-02 08:18:16",1645.49,30.26,202.53,6.0,true
"actor-mower-0","2017-04-02 08:18:16",2062.56,26.69,178.13,6.5,true
"actor-mower-0","2017-04-02 08:18:17",2461.09,8.58,214.37,7.0,true
"actor-mower-0","2017-04-02 08:18:17",2979.3,7.98,185.68,7.5,true
"actor-mower-0","2017-04-02 08:18:18",3407.94,19.37,191.77,8.0,true
"actor-mower-0","2017-04-02 08:18:18",3937.67,24.53,183.77,8.5,true
"actor-mower-0","2017-04-02 08:18:19",4278.69,27.05,184.18,9.0,true
"actor-mower-0","2017-04-02 08:18:19",739.6,23.1,193.61,9.5,true
"actor-mower-0","2017-04-02 08:18:20",1306.8,13.5,164.87,10.0,true
"actor-mower-0","2017-04-02 08:18:20",1713.71,31.14,181.56,10.5,true
"actor-mower-0","2017-04-02 08:18:21",2415.11,21.75,170.39,11.0,true
"actor-mower-0","2017-04-02 08:18:21",2873.95,25.29,154.49,11.5,true
"actor-mower-0","2017-04-02 08:18:22",3134.82,25.76,161.47,12.0,true
"actor-mower-0","2017-04-02 08:18:22",3681.69,27.46,162.47,12.5,true
"actor-mower-0","2017-04-02 08:18:23",4211.36,30.43,164.66,13.0,true
"actor-mower-0","2017-04-02 08:18:23",998.42,29.68,147.08,13.5,true
"actor-mower-0","2017-04-02 08:18:24",1674.6,25.0,149.55,14.0,true
"actor-mower-0","2017-04-02 08:18:24",2029.5,46.64,137.96,14.5,true
"actor-mower-0","2017-04-02 08:18:25",2580.71,24.98,145.19,15.0,true
"actor-mower-0","2017-04-02 08:18:25",3058.09,24.99,124.89,15.5,true
"actor-mower-0","2017-04-02 08:18:26",3725.56,25.01,137.33,16.0,true
"actor-mower-0","2017-04-02 08:18:26",4359.6,25.99,143.8,16.5,true
"actor-mower-0","2017-04-02 08:18:27",1124.97,10.98,141.81,17.0,true
"actor-mower-0","2017-04-02 08:18:28",1683.41,53.67,135.85,17.5,true
"actor-mower-0","2017-04-02 08:18:28",2031.2,21.02,137.9,18.0,true
"actor-mower-0","2017-04-02 08:18:29",2465.76,33.65,114.6,18.5,true
"actor-mower-0","2017-04-02 08:18:29",2827.97,26.15,131.64,19.0,true
"actor-mower-0","2017-04-02 08:18:30",3300.29,17.51,134.42,19.5,true
"actor-mower-0","2017-04-02 08:18:30",3895.83,23.41,121.78,20.0,true
"actor-mower-0","2017-04-02 08:18:31",4211.69,25.19,138.47,20.5,true
"actor-mower-0","2017-04-02 08:18:31",1081.66,37.01,111.33,21.0,true
"actor-mower-0","2017-04-02 08:18:32",1903.76,7.21,110.29,21.5,true
"actor-mower-0","2017-04-02 08:18:32",2102.85,20.1,92.73,22.0,true
"actor-mower-0","2017-04-02 08:18:33",2618.51,27.27,101.1,22.5,true
"actor-mower-0","2017-04-02 08:18:33",3108.04,24.85,127.54,23.0,true
"actor-mower-0","2017-04-02 08:18:34",3668.46,31.85,116.63,23.5,true
"actor-mower-0","2017-04-02 08:18:34",4248.28,25.26,124.63,24.0,true
"actor-mower-0","2017-04-02 08:18:35",1243.19,25.08,132.54,24.5,true
"actor-mower-0","2017-04-02 08:18:35",1693.48,32.95,119.93,25.0,true
"actor-mower-0","2017-04-02 08:18:36",1790.22,26.08,107.13,25.5,true
"actor-mower-0","2017-04-02 08:18:36",2233.36,24.93,93.8,26.0,true
"actor-mower-0","2017-04-02 08:18:37",2907.52,25.11,106.82,26.5,true
"actor-mower-0","2017-04-02 08:18:37",3344.68,22.93,92.15,27.0,true
"actor-mower-0","2017-04-02 08:18:38",4053.28,23.18,79.32,27.5,true
"actor-mower-0","2017-04-02 08:18:38",1150.41,25.58,120.61,28.0,true
"actor-mower-0","2017-04-02 08:18:39",1960.55,27.92,95.23,28.5,true
"actor-mower-0","2017-04-02 08:18:39",2507.53,22.67,117.07,29.0,true
"actor-mower-0","2017-04-02 08:18:40",3081.35,37.37,87.93,29.5,true
"actor-mower-0","2017-04-02 08:18:41",3468.48,31.82,98.68,30.0,true
"actor-mower-0","2017-04-02 08:18:41",4141.83,27.38,87.77,30.5,true
"actor-mower-0","2017-04-02 08:18:42",706.96,28.15,104.76,31.0,true
"actor-mower-0","2017-04-02 08:18:42",1106.12,26.73,83.0,31.5,true
"actor-mower-0","2017-04-02 08:18:43",1799.61,73.77,107.84,32.0,true
"actor-mower-0","2017-04-02 08:18:43",2375.67,24.94,86.73,32.5,true
"actor-mower-0","2017-04-02 08:18:44",3088.55,25.4,84.0,33.0,true
"actor-mower-0","2017-04-02 08:18:44",3647.68,26.31,68.34,33.5,true
"actor-mower-0","2017-04-02 08:18:45",3942.83,27.75,79.51,34.0,true
"actor-mower-0","2017-04-02 08:18:45",4336.46,24.1,88.03,34.5,true
"actor-mower-0","2017-04-02 08:18:46",1020.11,26.74,81.69,35.0,true
"actor-mower-0","2017-04-02 08:18:46",1462.67,22.82,84.12,35.5,true
"actor-mower-0","2017-04-02 08:18:47",1831.26,24.36,98.72,36.0,true
"actor-mower-0","2017-04-02 08:18:47",2325.85,28.54,79.56,36.5,true
"actor-mower-0","2017-04-02 08:18:48",2776.48,24.32,74.05,37.0,true
"actor-mower-0","2017-04-02 08:18:48",3168.6,14.86,76.9,37.5,true
"actor-mower-0","2017-04-02 08:18:49",3696.31,22.83,87.34,38.0,true
"actor-mower-0","2017-04-02 08:18:49",4191.55,31.98,82.72,38.5,true
"actor-mower-0","2017-04-02 08:18:50",1057.12,25.13,86.57,39.0,true
"actor-mower-0","2017-04-02 08:18:50",1428.05,23.93,65.41,39.5,true
"actor-mower-0","2017-04-02 08:18:51",1816.93,25.01,84.04,40.0,true
"actor-mower-0","2017-04-02 08:18:51",2625.16,26.27,62.71,40.5,true
"actor-mower-0","2017-04-02 08:18:52",3313.68,16.69,77.24,41.0,true
"actor-mower-0","2017-04-02 08:18:52",3782.29,26.02,82.29,41.5,true
"actor-mower-0","2017-04-02 08:18:53",4189.34,28.64,84.3,42.0,true
"actor-mower-0","2017-04-02 08:18:54",783.44,19.54,72.51,42.5,true
"actor-mower-0","2017-04-02 08:18:54",1233.93,26.6,73.11,43.0,true
"actor-mower-0","2017-04-02 08:18:55",1665.29,17.76,72.44,43.5,true
"actor-mower-0","2017-04-02 08:18:55",1932.45,49.74,60.33,44.0,true
"actor-mower-0","2017-04-02 08:18:56",2579.05,25.89,70.02,44.5,true
"actor-mower-0","2017-04-02 08:18:56",2991.15,21.46,65.23,45.0,true
"actor-mower-0","2017-04-02 08:18:57",3401.31,21.91,85.26,45.5,true
"actor-mower-0","2017-04-02 08:18:57",4001.52,24.65,69.92,46.0,true
"actor-mower-0","2017-04-02 08:18:58",893.88,20.87,77.03,46.5,true
"actor-mower-0","2017-04-02 08:18:58",1311.65,25.29,73.84,47.0,true
"actor-mower-0","2017-04-02 08:18:59",1786.8,29.65,80.89,47.5,true
"actor-mower-0","2017-04-02 08:18:59",2148.34,32.7,76.57,48.0,true
"actor-mower-0","2017-04-02 08:19:00",2512.77,24.92,76.91,48.5,true
"actor-mower-0","2017-04-02 08:19:00",3070.3,27.15,53.16,49.0,true
"actor-mower-0","2017-04-02 08:19:01",3599.93,26.69,65.38,49.5,true
"actor-mower-0","2017-04-02 08:19:01",4181.27,28.9,75.49,50.0,true
"actor-mower-0","2017-04-02 08:19:02",923.35,35.91,72.7,50.5,true
"actor-mower-0","2017-04-02 08:19:02",1270.46,24.03,60.86,51.0,true
"actor-mower-0","2017-04-02 08:19:03",1547.46,25.44,52.05,51.5,true
"actor-mower-0","2017-04-02 08:19:03",1888.88,24.31,70.54,52.0,true
"actor-mower-0","2017-04-02 08:19:04",2326.63,23.19,77.93,52.5,true
"actor-mower-0","2017-04-02 08:19:04",2635.94,24.95,59.45,53.0,true
"actor-mower-0","2017-04-02 08:19:05",2983.75,22.29,64.52,53.5,true
"actor-mower-0","2017-04-02 08:19:05",3359.63,25.27,77.6,54.0,true
"actor-mower-0","2017-04-02 08:19:06",4090.85,21.14,52.91,54.5,true
"actor-mower-0","2017-04-02 08:19:07",919.71,24.01,44.18,55.0,true
"actor-mower-0","2017-04-02 08:19:07",1600.12,17.85,80.58,0.0,false
"actor-mower-0","2017-04-02 08:19:08",2214.23,27.9,44.75,0.5,false
"actor-mower-0","2017-04-02 08:19:08",2674.97,25.06,63.36,1.0,false
"actor-mower-0","2017-04-02 08:19:09",3091.31,27.2,82.09,1.5,false
"actor-mower-0","2017-04-02 08:19:09",3546.37,24.49,97.95,2.0,false
"actor-mower-0","2017-04-02 08:19:10",3995.06,25.34,84.41,2.5,false
"actor-mower-0","2017-04-02 08:19:10",4299.02,18.81,103.54,3.0,false
"actor-mower-0","2017-04-02 08:19:11",1057.42,44.44,106.52,3.5,false
"actor-mower-0","2017-04-02 08:19:11",1539.24,23.87,120.47,4.0,false
"actor-mower-0","2017-04-02 08:19:12",1894.1,35.58,131.59,4.5,false
"actor-mower-0","2017-04-02 08:19:12",2349.65,24.93,140.96,5.0,false
"actor-mower-0","2017-04-02 08:19:13",2827.88,39.81,128.37,5.5,false
"actor-mower-0","2017-04-02 08:19:13",3305.55,25.72,121.17,6.0,false
"actor-mower-0","2017-04-02 08:19:14",3777.03,26.2,138.53,6.5,false
"actor-mower-0","2017-04-02 08:19:14",4564.87,30.1,130.17,7.0,false
"actor-mower-0","2017-04-02 08:19:15",1205.55,25.14,159.45,7.5,false
"actor-mower-0","2017-04-02 08:19:15",1762.19,25.51,171.93,8.0,false
"actor-mower-0","2017-04-02 08:19:16",2213.89,26.94,165.35,8.5,false
"actor-mower-0","2017-04-02 08:19:16",2818.29,22.34,194.98,9.0,false
"actor-mower-0","2017-04-02 08:19:17",3462.02,28.79,164.09,9.5,false
"actor-mower-0","2017-04-02 08:19:17",3835.2,8.07,174.57,10.0,false
"actor-mower-0","2017-04-02 08:19:18",4137.77,24.87,172.22,10.5,false
"actor-mower-0","2017-04-02 08:19:18",974.2,24.36,162.72,11.0,false
"actor-mower-0","2017-04-02 08:19:19",1739.96,33.6,168.2,11.5,false
"actor-mower-0","2017-04-02 08:19:20",2176.15,26.63,201.38,12.0,false
"actor-mower-0","2017-04-02 08:19:20",2559.44,21.48,188.07,12.5,false
"actor-mower-0","2017-04-02 08:19:21",2930.39,26.06,198.03,13.0,false
"actor-mower-0","2017-04-02 08:19:21",3487.89,25.69,200.2,13.5,false
"actor-mower-0","2017-04-02 08:19:22",3622.61,24.63,197.1,14.0,false
"actor-mower-0","2017-04-02 08:19:22",4319.4,22.65,200.0,14.5,false
"actor-mower-0","2017-04-02 08:19:23",1173.24,26.22,197.38,15.0,false
"actor-mower-0","2017-04-02 08:19:23",1593.34,24.6,209.31,15.5,false
"actor-mower-0","2017-04-02 08:19:24",2049.9,37.64,213.51,16.0,false
"actor-mower-0","2017-04-02 08:19:24",2541.1,22.17,220.22,16.5,false
"actor-mower-0","2017-04-02 08:19:25",2944.7,7.16,227.65,17.0,false
"actor-mower-0","2017-04-02 08:19:25",3714.2,10.91,218.5,17.5,false
"actor-mower-0","2017-04-02 08:19:26",4140.01,-0.82,228.83,18.0,false
"actor-mower-0","2017-04-02 08:19:26",1125.6,24.93,220.49,18.5,false
"actor-mower-0","2017-04-02 08:19:27",1784.76,24.84,218.0,19.0,false
"actor-mower-0","2017-04-02 08:19:27",2402.0,24.23,208.93,19.5,false
"actor-mower-0","2017-04-02 08:19:28",3144.69,51.0,238.09,20.0,false
"actor-mower-0","2017-04-02 08:19:28",3657.97,20.16,244.98,20.5,false
"actor-mower-0","2017-04-02 08:19:29",4360.63,24.75,226.8,21.0,false
"actor-mower-0","2017-04-02 08:19:29",857.76,23.3,228.62,21.5,false
"actor-mower-0","2017-04-02 08:19:30",1498.53,25.99,212.61,22.0,false
"actor-mower-0","2017-04-02 08:19:30",1930.55,25.44,218.92,22.5,false
"actor-mower-0","2017-04-02 08:19:31",2628.71,24.35,219.36,23.0,false
"actor-mower-0","2017-04-02 08:19:31",3394.08,39.27,229.73,23.5,false
"actor-mower-0","2017-04-02 08:19:32",3825.89,35.89,227.97,24.0,false
"actor-mower-0","2017-04-02 08:19:33",4290.08,26.12,237.04,24.5,false
"actor-mower-0","2017-04-02 08:19:33",1315.73,23.43,228.55,25.0,false
"actor-mower-0","2017-04-02 08:19:34",1850.43,24.9,211.27,25.5,false
"actor-mower-0","2017-04-02 08:19:34",2256.7,25.29,238.59,26.0,false
"actor-mower-0","2017-04-02 08:19:35",2653.22,24.37,245.2,26.5,false
"actor-mower-0","2017-04-02 08:19:35",3154.15,26.98,237.42,27.0,false
"actor-mower-0","2017-04-02 08:19:36",3866.94,24.49,226.96,27.5,false
"actor-mower-0","2017-04-02 08:19:36",4318.96,20.34,248.34,28.0,false
"actor-mower-0","2017-04-02 08:19:37",870.22,35.83,228.81,28.5,false
"actor-mower-0","2017-04-02 08:19:37",1266.95,25.02,254.51,29.0,false
"actor-mower-0","2017-04-02 08:19:38",1913.93,25.81,240.42,0.0,true
"actor-mower-0","2017-04-02 08:19:38",2314.36,32.71,244.11,0.5,true
"actor-mower-0","2017-04-02 08:19:39",2728.44,26.29,261.89,1.0,true
"actor-mower-0","2017-04-02 08:19:39",3321.21,22.07,242.71,1.5,true
"actor-mower-0","2017-04-02 08:19:40",3857.33,60.03,225.89,2.0,true
"actor-mower-0","2017-04-02 08:19:40",4190.62,24.62,235.77,2.5,true
"actor-mower-0","2017-04-02 08:19:41",1044.35,25.39,238.52,3.0,true
"actor-mower-0","2017-04-02 08:19:41",1379.78,22.38,230.36,3.5,true
"actor-mower-0","2017-04-02 08:19:42",1724.09,22.37,216.65,4.0,true
"actor-mower-0","2017-04-02 08:19:42",2299.97,25.48,214.16,4.5,true
"actor-mower-0","2017-04-02 08:19:43",2812.53,17.17,204.09,5.0,true
"actor-mower-0","2017-04-02 08:19:43",3053.69,24.94,196.7,5.5,true
"actor-mower-0","2017-04-02 08:19:44",3820.22,25.58,191.52,6.0,true
"actor-mower-0","2017-04-02 08:19:44",4429.35,25.36,176.91,6.5,true
"actor-mower-0","2017-04-02 08:19:45",927.64,24.05,204.26,7.0,true
"actor-mower-0","2017-04-02 08:19:46",1221.94,21.16,184.67,7.5,true
"actor-mower-0","2017-04-02 08:19:46",1816.13,24.72,193.03,8.0,true
"actor-mower-0","2017-04-02 08:19:47",2314.94,23.84,186.16,8.5,true
"actor-mower-0","2017-04-02 08:19:47",2796.86,24.07,177.21,9.0,true
"actor-mower-0","2017-04-02 08:19:48",3321.5,25.24,159.92,9.5,true
"actor-mower-0","2017-04-02 08:19:48",3681.69,24.61,179.12,10.0,true
"actor-mower-0","2017-04-02 08:19:49",4262.69,21.62,170.42,10.5,true
"actor-mower-0","2017-04-02 08:19:49",1010.97,23.55,161.89,11.0,true
"actor-mower-0","2017-04-02 08:19:50",1490.64,23.39,155.78,11.5,true
"actor-mower-0","2017-04-02 08:19:50",1804.65,33.75,152.78,12.0,true
"actor-mower-0","2017-04-02 08:19:51",2224.83,29.23,147.26,12.5,true
"actor-mower-0","2017-04-02 08:19:51",2687.85,25.02,143.98,13.0,true
"actor-mower-0","2017-04-02 08:19:52",2984.06,26.65,145.57,13.5,true
"actor-mower-0","2017-04-02 08:19:52",3667.67,18.27,156.04,14.0,true
"actor-mower-0","2017-04-02 08:19:53",4078.59,28.16,149.63,14.5,true
"actor-mower-0","2017-04-02 08:19:53",876.78,19.39,153.65,15.0,true
"actor-mower-0","2017-04-02 08:19:54",1513.39,18.89,134.16,15.5,true
"actor-mower-0","2017-04-02 08:19:54",2041.9,25.17,125.79,16.0,true
"actor-mower-0","2017-04-02 08:19:55",2542.69,24.81,168.11,16.5,true
"actor-mower-0","2017-04-02 08:19:55",3087.11,25.0,125.36,17.0,true
"actor-mower-0","2017-04-02 08:19:56",3399.18,24.63,133.86,17.5,true
"actor-mower-0","2017-04-02 08:19:56",4025.76,22.18,150.06,18.0,true
"actor-mower-0","2017-04-02 08:19:57",1063.26,24.82,138.23,18.5,true
"actor-mower-0","2017-04-02 08:19:57",1727.79,3.35,118.62,19.0,true
"actor-mower-0","2017-04-02 08:19:58",2422.22,19.94,118.0,19.5,true
"actor-mower-0","2017-04-02 08:19:59",3006.32,25.0,135.29,20.0,true
"actor-mower-0","2017-04-02 08:19:59",3423.11,24.31,124.76,20.5,true
"actor-mower-0","2017-04-02 08:20:00",4157.95,13.19,138.45,21.0,true
"actor-mower-0","2017-04-02 08:20:00",858.96,24.95,129.82,21.5,true
"actor-mower-0","2017-04-02 08:20:01",1231.61,21.88,113.36,22.0,true
"actor-mower-0","2017-04-02 08:20:01",1783.19,20.8,103.0,22.5,true
"actor-mower-0","2017-04-02 08:20:02",2363.85,25.21,131.04,23.0,true
"actor-mower-0","2017-04-02 08:20:02",2807.19,25.03,119.06,23.5,true
"actor-mower-0","2017-04-02 08:20:03",3199.28,21.78,104.53,24.0,true
"actor-mower-0","2017-04-02 08:20:03",3528.68,24.89,112.51,24.5,true
"actor-mower-0","2017-04-02 08:20:04",3881.1,27.14,102.36,25.0,true
"actor-mower-0","2017-04-02 08:20:04",4403.18,28.56,120.73,25.5,true
"actor-mower-0","2017-04-02 08:20:05",1189.43,16.75,128.79,26.0,true
"actor-mower-0","2017-04-02 08:20:05",1454.75,25.08,105.37,26.5,true
"actor-mower-0","2017-04-02 08:20:06",1836.57,23.23,96.6,27.0,true
"actor-mower-0","2017-04-02 08:20:06",2309.23,25.08,106.41,27.5,true
"actor-mower-0","2017-04-02 08:20:07",2954.82,24.68,111.95,28.0,true
"actor-mower-0","2017-04-02 08:20:07",3763.34,23.98,109.18,28.5,true
"actor-mower-0","2017-04-02 08:20:08",4494.89,25.17,118.29,29.0,true
"actor-mower-0","2017-04-02 08:20:08",1090.72,24.91,84.16,29.5,true
"actor-mower-0","2017-04-02 08:20:09",1585.08,28.94,91.4,30.0,true
"actor-mower-0","2017-04-02 08:20:09",2057.43,16.38,82.17,30.5,true
"actor-mower-0","2017-04-02 08:20:10",2410.97,22.67,93.31,31.0,true
"actor-mower-0","2017-04-02 08:20:10",3013.42,26.0,79.92,31.5,true
"actor-mower-0","2017-04-02 08:20:11",3512.94,24.21,94.15,32.0,true
"actor-mower-0","2017-04-02 08:20:12",4116.72,24.2,98.8,32.5,true
"actor-mower-0","2017-04-02 08:20:12",1147.88,24.6,91.72,33.0,true
"actor-mower-0","2017-04-02 08:20:13",1847.7,24.27,104.71,33.5,true
"actor-mower-0","2017-04-02 08:20:13",2587.76,25.07,91.75,34.0,true
"actor-mower-0","2017-04-02 08:20:14",2974.45,22.34,91.94,34.5,true
"actor-mower-0","2017-04-02 08:20:14",3694.5,25.11,85.35,35.0,true
"actor-mower-0","2017-04-02 08:20:15",4241.21,27.91,86.95,35.5,true
"actor-mower-0","2017-04-02 08:20:15",937.63,28.23,82.18,36.0,true
"actor-mower-0","2017-04-02 08:20:16",1035.22,25.25,98.79,36.5,true
"actor-mower-0","2017-04-02 08:20:16",1390.57,24.98,57.46,37.0,true
"actor-mower-0","2017-04-02 08:20:17",1701.36,23.97,86.96,37.5,true
"actor-mower-0","2017-04-02 08:20:17",2249.78,24.6,71.6,38.0,true
"actor-mower-0","2017-04-02 08:20:18",2707.1,27.76,81.43,38.5,true
"actor-mower-0","2017-04-02 08:20:18",3200.59,24.22,83.36,39.0,true
"actor-mower-0","2017-04-02 08:20:19",3805.06,14.81,86.79,39.5,true
"actor-mower-0","2017-04-02 08:20:19",4188.82,23.58,89.31,40.0,true
"actor-mower-0","2017-04-02 08:20:20",729.55,22.63,58.26,40.5,true
"actor-mower-0","2017-04-02 08:20:20",1134.81,25.27,77.34,41.0,true
"actor-mower-0","2017-04-02 08:20:21",1522.07,25.15,92.73,41.5,true
"actor-mower-0","2017-04-02 08:20:21",1894.1,24.57,71.2,42.0,true
"actor-mower-0","2017-04-02 08:20:22",2520.48,23.37,94.66,42.5,true
"actor-mower-0","2017-04-02 08:20:22",2992.68,25.01,80.58,43.0,true
"actor-mower-0","2017-04-02 08:20:23",3292.44,79.45,60.41,43.5,true
"actor-mower-0","2017-04-02 08:20:23",3750.83,24.74,78.78,44.0,true
"actor-mower-0","2017-04-02 08:20:24",4230.02,22.9,55.37,44.5,true
"actor-mower-0","2017-04-02 08:20:25",1220.37,20.68,79.37,45.0,true
"actor-mower-0","2017-04-02 08:20:25",1825.5,588.06,61.74,45.5,true
"actor-mower-0","2017-04-02 08:20:26",2351.77,27.81,62.54,46.0,true
"actor-mower-0","2017-04-02 08:20:26",2833.9,24.99,75.41,46.5,true
"actor-mower-0","2017-04-02 08:20:27",3320.23,26.0,75.85,47.0,true
"actor-mower-0","2017-04-02 08:20:27",3818.9,30.46,83.56,47.5,true
"actor-mower-0","2017-04-02 08:20:28",4202.78,23.99,88.61,48.0,true
"actor-mower-0","2017-04-02 08:20:28",1016.05,27.31,84.63,48.5,true
"actor-mower-0","2017-04-02 08:20:29",1531.89,32.6,70.75,49.0,true
"actor-mower-0","2017-04-02 08:20:29",1649.61,24.64,64.74,49.5,true
"actor-mower-0","2017-04-02 08:20:30",1980.5,24.71,79.37,50.0,true
"actor-mower-0","2017-04-02 08:20:30",2379.7,25.54,79.85,50.5,true
"actor-mower-0","2017-04-02 08:20:31",2783.94,24.5,77.77,51.0,true
"actor-mower-0","2017-04-02 08:20:31",2993.52,25.14,65.4,51.5,true
"actor-mower-0","2017-04-02 08:20:32",3449.73,26.32,54.36,52.0,true
"actor-mower-0","2017-04-02 08:20:32",3893.87,26.58,54.49,52.5,true
"actor-mower-0","2017-04-02 08:20:33",4219.98,27.19,70.15,53.0,true
"actor-mower-0","2017-04-02 08:20:33",959.81,24.59,51.89,53.5,true
"actor-mower-0","2017-04-02 08:20:34",1493.13,25.9,44.4,54.0,true
"actor-mower-0","2017-04-02 08:20:34",1897.98,26.81,64.36,0.0,false
"actor-mower-0","2017-04-02 08:20:35",1983.84,24.15,44.13,0.5,false
"actor-mower-0","2017-04-02 08:20:35",2599.33,34.5,65.2,1.0,false
"actor-mower-0","2017-04-02 08:20:36",3146.61,25.17,56.26,1.5,false
"actor-mower-0","2017-04-02 08:20:36",3694.85,46.92,64.76,2.0,false
"actor-mower-0","2017-04-02 08:20:37",4330.93,24.84,96.27,2.5,false
"actor-mower-0","2017-04-02 08:20:38",1084.16,25.01,85.54,3.0,false
"actor-mower-0","2017-04-02 08:20:38",1558.93,26.34,113.77,3.5,false
"actor-mower-0","2017-04-02 08:20:39",1911.35,23.7,122.06,4.0,false
"actor-mower-0","2017-04-02 08:20:39",2566.4,26.51,101.52,4.5,false
"actor-mower-0","2017-04-02 08:20:40",3011.35,24.85,118.27,5.0,false
"actor-mower-0","2017-04-02 08:20:40",3510.66,25.42,114.81,5.5,false
"actor-mower-0","2017-04-02 08:20:41",4298.37,28.69,142.77,6.0,false
"actor-mower-0","2017-04-02 08:20:41",884.74,25.0,131.25,6.5,false
"actor-mower-0","2017-04-02 08:20:42",1268.55,23.92,161.53,7.0,false
"actor-mower-0","2017-04-02 08:20:42",1858.82,23.07,152.9,7.5,false
"actor-mower-0","2017-04-02 08:20:43",2380.85,27.16,157.3,8.0,false
"actor-mower-0","2017-04-02 08:20:43",2797.77,28.35,165.48,8.5,false
"actor-mower-0","2017-04-02 08:20:44",3114.87,23.05,180.37,9.0,false
"actor-mower-0","2017-04-02 08:20:44",3787.95,21.8,160.96,9.5,false
"actor-mower-0","2017-04-02 08:20:45",4461.07,25.01,168.58,10.0,false
"actor-mower-0","2017-04-02 08:20:45",1257.22,20.67,177.67,10.5,false
"actor-mower-0","2017-04-02 08:20:46",1651.28,23.11,191.49,11.0,false
"actor-mower-0","2017-04-02 08:20:46",2072.54,29.82,175.3,11.5,false
"actor-mower-0","2017-04-02 08:20:47",2897.76,26.16,197.59,12.0,false
"actor-mower-0","2017-04-02 08:20:47",3173.46,26.56,187.61,12.5,false
"actor-mower-0","2017-04-02 08:20:48",3540.73,25.08,185.32,13.0,false
"actor-mower-0","2017-04-02 08:20:48",4072.11,19.21,200.07,13.5,false
"actor-mower-0","2017-04-02 08:20:49",918.79,24.72,214.27,14.0,false
"actor-mower-0","2017-04-02 08:20:49",1459.42,14.91,197.72,14.5,false
"actor-mower-0","2017-04-02 08:20:50",1940.96,24.66,198.82,15.0,false
"actor-mower-0","2017-04-02 08:20:51",2576.75,24.54,192.51,15.5,false
"actor-mower-0","2017-04-02 08:20:51",3298.33,24.7,215.98,16.0,false
"actor-mower-0","2017-04-02 08:20:52",3657.22,40.42,198.45,16.5,false
"actor-mower-0","2017-04-02 08:20:52",4098.45,29.08,223.44,17.0,false
"actor-mower-0","2017-04-02 08:20:53",1039.41,24.56,212.18,17.5,false
"actor-mower-0","2017-04-02 08:20:53",1308.99,26.56,221.39,18.0,false
"actor-mower-0","2017-04-02 08:20:54",2071.25,3.64,216.35,18.5,false
"actor-mower-0","2017-04-02 08:20:54",2579.82,34.76,205.55,19.0,false
"actor-mower-0","2017-04-02 08:20:55",2987.31,24.99,226.2,19.5,false
"actor-mower-0","2017-04-02 08:20:55",3668.41,18.25,228.21,20.0,false
"actor-mower-0","2017-04-02 08:20:56",4052.93,185.12,213.6,20.5,false
"actor-mower-0","2017-04-02 08:20:56",745.99,25.0,212.51,21.0,false
"actor-mower-0","2017-04-02 08:20:57",1220.06,-16.37,245.63,21.5,false
"actor-mower-0","2017-04-02 08:20:57",1632.23,25.47,220.84,22.0,false
"actor-mower-0","2017-04-02 08:20:58",2047.61,24.05,237.75,22.5,false
"actor-mower-0","2017-04-02 08:20:58",2444.44,18.9,234.46,23.0,false
"actor-mower-0","2017-04-02 08:20:59",2687.35,24.95,258.43,23.5,false
"actor-mower-0","2017-04-02 08:20:59",3385.91,24.49,249.07,0.0,true
"actor-mower-0","2017-04-02 08:21:00",4036.61,28.7,256.19,0.5,true
"actor-mower-0","2017-04-02 08:21:00",1119.38,28.24,251.12,1.0,true
"actor-mower-0","2017-04-02 08:21:01",1723.17,25.34,238.09,1.5,true
"actor-mower-0","2017-04-02 08:21:01",2083.78,24.84,224.3,2.0,true
"actor-mower-0","2017-04-02 08:21:02",2586.33,30.23,246.72,2.5,true
"actor-mower-0","2017-04-02 08:21:02",3147.67,25.46,238.15,3.0,true
"actor-mower-0","2017-04-02 08:21:03",3488.5,39.35,226.13,3.5,true
"actor-mower-0","2017-04-02 08:21:04",4181.02,22.81,230.61,4.0,true
"actor-mower-0","2017-04-02 08:21:04",779.34,21.41,216.04,4.5,true
"actor-mower-0","2017-04-02 08:21:05",1357.72,23.44,203.22,5.0,true
"actor-mower-0","2017-04-02 08:21:05",1887.74,25.56,178.37,5.5,true
"actor-mower-0","2017-04-02 08:21:06",2483.67,29.11,190.53,6.0,true
"actor-mower-0","2017-04-02 08:21:06",2941.02,25.0,200.33,6.5,true
"actor-mower-0","2017-04-02 08:21:07",3490.34,30.47,181.84,7.0,true
"actor-mower-0","2017-04-02 08:21:07",4182.49,32.11,202.56,7.5,true
"actor-mower-0","2017-04-02 08:21:08",803.74,24.66,198.49,8.0,true
"actor-mower-0","2017-04-02 08:21:08",1390.91,19.77,188.94,8.5,true
"actor-mower-0","2017-04-02 08:21:09",1698.65,25.0,188.27,9.0,true
"actor-mower-0","2017-04-02 08:21:09",1959.23,25.36,176.36,9.5,true
"actor-mower-0","2017-04-02 08:21:10",2408.55,29.22,183.2,10.0,true
"actor-mower-0","2017-04-02 08:21:10",2760.04,15.06,172.93,10.5,true
"actor-mower-0","2017-04-02 08:21:11",3095.03,24.07,160.82,11.0,true
"actor-mower-0","2017-04-02 08:21:11",3571.9,23.06,158.47,11.5,true
"actor-mower-0","2017-04-02 08:21:12",3918.72,25.06,152.03,12.0,true
"actor-mower-0","2017-04-02 08:21:12",4607.1,27.4,133.61,12.5,true
"actor-mower-0","2017-04-02 08:21:13",1004.18,24.93,171.2,13.0,true
"actor-mower-0","2017-04-02 08:21:13",1668.21,26.11,158.42,13.5,true
"actor-mower-0","2017-04-02 08:21:14",2249.01,27.83,163.87,14.0,true
"actor-mower-0","2017-04-02 08:21:14",3213.73,25.02,134.91,14.5,true
"actor-mower-0","2017-04-02 08:21:15",3858.47,25.33,125.07,15.0,true
"actor-mower-0","2017-04-02 08:21:15",4414.67,24.99,157.13,15.5,true
"actor-mower-0","2017-04-02 08:21:16",1138.51,25.72,145.0,16.0,true
"actor-mower-0","2017-04-02 08:21:17",1856.27,25.58,140.38,16.5,true
"actor-mower-0","2017-04-02 08:21:17",2304.29,24.27,126.69,17.0,true
"actor-mower-0","2017-04-02 08:21:18",2710.61,25.0,123.75,17.5,true
"actor-mower-0","2017-04-02 08:21:18",3360.72,28.21,141.53,18.0,true
"actor-mower-0","2017-04-02 08:21:19",4045.55,24.73,133.98,18.5,true
"actor-mower-0","2017-04-02 08:21:19",1164.64,30.39,124.96,19.0,true
"actor-mower-0","2017-04-02 08:21:20",1510.47,24.92,133.64,19.5,true
"actor-mower-0","2017-04-02 08:21:20",1935.1,24.99,122.13,20.0,true
"actor-mower-0","2017-04-02 08:21:21",2482.08,25.43,105.26,20.5,true
"actor-mower-0","2017-04-02 08:21:21",2893.17,24.83,107.19,21.0,true
"actor-mower-0","2017-04-02 08:21:22",3452.33,25.79,132.3,21.5,true
"actor-mower-0","2017-04-02 08:21:22",3837.66,23.52,125.71,22.0,true
"actor-mower-0","2017-04-02 08:21:23",4167.02,22.93,124.58,22.5,true
"actor-mower-0","2017-04-02 08:21:23",936.25,24.99,96.52,23.0,true
"actor-mower-0","2017-04-02 08:21:24",1589.34,37.82,115.84,23.5,true
"actor-mower-0","2017-04-02 08:21:24",2090.43,27.74,95.12,24.0,true
"actor-mower-0","2017-04-02 08:21:25",2541.27,35.29,124.46,24.5,true
"actor-mower-0","2017-04-02 08:21:25",3148.56,25.75,115.81,25.0,true
"actor-mower-0","2017-04-02 08:21:26",3566.68,24.85,99.03,25.5,true
"actor-mower-0","2017-04-02 08:21:26",3819.62,21.47,109.3,26.0,true
"actor-mower-0","2017-04-02 08:21:27",4393.92,25.43,98.95,26.5,true
"actor-mower-0","2017-04-02 08:21:27",1139.45,26.82,106.73,27.0,true
"actor-mower-0","2017-04-02 08:21:28",1606.47,30.42,105.84,27.5,true
"actor-mower-0","2017-04-02 08:21:28",2177.27,25.78,103.61,28.0,true
"actor-mower-0","2017-04-02 08:21:29",2500.09,24.91,110.77,28.5,true
"actor-mower-0","2017-04-02 08:21:30",2964.96,25.0,105.59,29.0,true
"actor-mower-0","2017-04-02 08:21:30",3151.11,16.4,83.82,29.5,true
"actor-mower-0","2017-04-02 08:21:31",3595.39,24.98,94.09,30.0,true
"actor-mower-0","2017-04-02 08:21:31",4252.92,35.71,97.17,30.5,true
"actor-mower-0","2017-04-02 08:21:32",1192.33,25.96,82.65,31.0,true
"actor-mower-0","2017-04-02 08:21:32",1487.06,25.74,82.47,31.5,true
"actor-mower-0","2017-04-02 08:21:33",1981.74,27.94,73.43,32.0,true
"actor-mower-0","2017-04-02 08:21:33",2644.4,21.61,81.94,32.5,true
"actor-mower-0","2017-04-02 08:21:34",3160.93,24.72,91.79,33.0,true
"actor-mower-0","2017-04-02 08:21:34",3532.33,29.69,82.5,33.5,true
"actor-mower-0","2017-04-02 08:21:35",3917.22,24.23,97.59,34.0,true
"actor-mower-0","2017-04-02 08:21:35",4600.26,21.5,94.27,34.5,true
"actor-mower-0","2017-04-02 08:21:36",905.5,16.59,69.7,35.0,true
"actor-mower-0","2017-04-02 08:21:36",1270.24,22.21,93.24,35.5,true
"actor-mower-0","2017-04-02 08:21:37",1901.34,24.9,75.65,36.0,true
"actor-mower-0","2017-04-02 08:21:37",2288.21,28.94,76.22,36.5,true
"actor-mower-0","2017-04-02 08:21:38",3025.06,26.65,72.26,37.0,true
"actor-mower-0","2017-04-02 08:21:38",3508.83,25.05,82.71,37.5,true
"actor-mower-0","2017-04-02 08:21:39",4179.04,25.09,76.11,38.0,true
"actor-mower-0","2017-04-02 08:21:39",1330.74,36.66,73.05,38.5,true
"actor-mower-0","2017-04-02 08:21:40",1865.47,28.44,75.93,39.0,true
"actor-mower-0","2017-04-02 08:21:40",2349.51,25.04,83.15,39.5,true
"actor-mower-0","2017-04-02 08:21:41",2761.81,21.81,81.09,40.0,true
"actor-mower-0","2017-04-02 08:21:41",3277.65,24.17,56.68,40.5,true
"actor-mower-0","2017-04-02 08:21:42",3684.33,31.3,77.55,41.0,true
"actor-mower-0","2017-04-02 08:21:43",4363.32,46.02,75.42,41.5,true
"actor-mower-0","2017-04-02 08:21:43",777.93,24.99,59.34,42.0,true
"actor-mower-0","2017-04-02 08:21:44",1126.06,18.61,73.1,42.5,true
"actor-mower-0","2017-04-02 08:21:44",1662.91,26.89,79.86,43.0,true
"actor-mower-0","2017-04-02 08:21:45",2115.86,19.29,42.83,43.5,true
"actor-mower-0","2017-04-02 08:21:45",3173.46,26.83,78.64,0.0,false
"actor-mower-0","2017-04-02 08:21:46",3755.3,25.0,46.88,0.5,false
"actor-mower-0","2017-04-02 08:21:46",4507.01,29.77,71.65,1.0,false
"actor-mower-0","2017-04-02 08:21:47",771.88,28.61,72.61,1.5,false
"actor-mower-0","2017-04-02 08:21:47",1324.77,20.61,84.8,2.0,false
"actor-mower-0","2017-04-02 08:21:48",1817.78,28.74,70.31,2.5,false
"actor-mower-0","2017-04-02 08:21:48",2264.44,24.91,96.66,3.0,false
"actor-mower-0","2017-04-02 08:21:49",2426.57,25.0,116.91,3.5,false
"actor-mower-0","2017-04-02 08:21:49",2963.72,23.93,91.18,4.0,false
"actor-mower-0","2017-04-02 08:21:50",3368.05,1.85,108.61,4.5,false
"actor-mower-0","2017-04-02 08:21:50",4032.96,25.87,128.64,5.0,false
"actor-mower-0","2017-04-02 08:21:51",1282.2,18.63,128.13,5.5,false
"actor-mower-0","2017-04-02 08:21:51",1801.1,25.51,151.92,6.0,false
"actor-mower-0","2017-04-02 08:21:52",2307.83,22.64,152.79,6.5,false
"actor-mower-0","2017-04-02 08:21:52",2692.36,24.98,151.42,7.0,false
"actor-mower-0","2017-04-02 08:21:53",3378.58,19.86,147.08,7.5,false
"actor-mower-0","2017-04-02 08:21:53",4092.37,30.03,148.86,8.0,false
"actor-mower-0","2017-04-02 08:21:54",1033.49,26.91,167.25,8.5,false
"actor-mower-0","2017-04-02 08:21:54",1256.39,25.19,154.94,9.0,false
"actor-mower-0","2017-04-02 08:21:55",1546.29,25.1,163.96,9.5,false
"actor-mower-0","2017-04-02 08:21:56",1957.59,24.88,172.97,10.0,false
"actor-mower-0","2017-04-02 08:21:56",2501.98,32.05,162.95,10.5,false
"actor-mower-0","2017-04-02 08:21:57",2983.18,25.65,189.61,11.0,false
"actor-mower-0","2017-04-02 08:21:57",3759.79,23.16,172.04,11.5,false
"actor-mower-0","2017-04-02 08:21:58",4421.09,22.32,189.84,12.0,false
"actor-mower-0","2017-04-02 08:21:58",1034.47,25.02,186.38,12.5,false
"actor-mower-0","2017-04-02 08:21:59",1658.71,25.97,206.0,13.0,false
"actor-mower-0","2017-04-02 08:21:59",2017.61,25.12,203.88,13.5,false
"actor-mower-0","2017-04-02 08:22:00",2566.73,23.09,183.89,14.0,false
"actor-mower-0","2017-04-02 08:22:00",3231.44,26.45,195.97,14.5,false
"actor-mower-0","2017-04-02 08:22:01",3654.8,24.93,208.87,15.0,false
"actor-mower-0","2017-04-02 08:22:01",4303.96,25.09,231.13,15.5,false
"actor-mower-0","2017-04-02 08:22:02",1143.0,27.73,217.74,16.0,false
"actor-mower-0","2017-04-02 08:22:02",1914.47,24.37,220.52,16.5,false
"actor-mower-0","2017-04-02 08:22:03",2333.47,23.31,200.47,17.0,false
"actor-mower-0","2017-04-02 08:22:03",2723.57,24.36,223.4,17.5,false
"actor-mower-0","2017-04-02 08:22:04",2925.02,14.58,213.03,18.0,false
"actor-mower-0","2017-04-02 08:22:04",3357.16,19.1,212.32,18.5,false
"actor-mower-0","2017-04-02 08:22:05",3719.79,23.22,221.64,19.0,false
"actor-mower-0","2017-04-02 08:22:05",4406.43,26.76,203.27,19.5,false
"actor-mower-0","2017-04-02 08:22:06",1158.4,19.94,214.44,20.0,false
"actor-mower-0","2017-04-02 08:22:06",1559.3,25.19,234.88,20.5,false
"actor-mower-0","2017-04-02 08:22:07",2231.93,29.31,211.65,21.0,false
"actor-mower-0","2017-04-02 08:22:07",2716.94,26.32,234.63,21.5,false
"actor-mower-0","2017-04-02 08:22:08",3272.92,22.12,241.3,22.0,false
"actor-mower-0","2017-04-02 08:22:09",3755.7,24.47,227.28,22.5,false
"actor-mower-0","2017-04-02 08:22:09",4242.5,24.6,234.57,23.0,false
"actor-mower-0","2017-04-02 08:22:10",1006.04,29.81,244.03,23.5,false
"actor-mower-0","2017-04-02 08:22:10",1868.68,25.26,229.56,24.0,false
"actor-mower-0","2017-04-02 08:22:11",2174.17,-3.67,237.5,24.5,false
"actor-mower-0","2017-04-02 08:22:11",2366.94,24.71,228.26,25.0,false
"actor-mower-0","2017-04-02 08:22:12",2792.8,25.36,230.59,25.5,false
"actor-mower-0","2017-04-02 08:22:12",3128.43,25.55,214.0,26.0,false
"actor-mower-0","2017-04-02 08:22:13",3512.45,344.13,245.12,26.5,false
"actor-mower-0","2017-04-02 08:22:13",3800.79,24.79,258.73,27.0,false
"actor-mower-0","2017-04-02 08:22:14",3957.18,46.79,215.36,0.0,true
"actor-mower-0","2017-04-02 08:22:14",4343.5,250.58,274.41,0.5,true
"actor-mower-0","2017-04-02 08:22:15",971.76,23.49,246.9,1.0,true
"actor-mower-0","2017-04-02 08:22:15",1569.94,8.79,254.0,1.5,true
"actor-mower-0","2017-04-02 08:22:16",2196.88,14.23,246.96,2.0,true
"actor-mower-0","2017-04-02 08:22:16",2534.89,25.01,219.4,2.5,true
"actor-mower-0","2017-04-02 08:22:17",3188.4,28.89,224.71,3.0,true
"actor-mower-0","2017-04-02 08:22:17",3746.55,24.22,222.25,3.5,true
"actor-mower-0","2017-04-02 08:22:18",4252.91,18.52,210.06,4.0,true
"actor-mower-0","2017-04-02 08:22:18",794.07,26.16,216.52,4.5,true
"actor-mower-0","2017-04-02 08:22:19",1219.97,16.65,232.71,5.0,true
"actor-mower-0","2017-04-02 08:22:19",1693.17,27.54,190.82,5.5,true
"actor-mower-0","2017-04-02 08:22:20",2398.91,25.06,206.94,6.0,true
"actor-mower-0","2017-04-02 08:22:20",2865.61,26.24,175.0,6.5,true
"actor-mower-0","2017-04-02 08:22:21",3167.78,24.97,184.76,7.0,true
"actor-mower-0","2017-04-02 08:22:22",3789.84,23.74,195.08,7.5,true
"actor-mower-0","2017-04-02 08:22:22",4410.95,22.88,203.18,8.0,true
"actor-mower-0","2017-04-02 08:22:23",1009.72,16.62,181.19,8.5,true
"actor-mower-0","2017-04-02 08:22:23",1536.82,25.82,176.29,9.0,true
"actor-mower-0","2017-04-02 08:22:24",2378.47,24.9,171.88,9.5,true
"actor-mower-0","2017-04-02 08:22:24",2867.87,24.99,176.62,10.0,true
"actor-mower-0","2017-04-02 08:22:25",3454.19,25.22,186.2,10.5,true
"actor-mower-0","2017-04-02 08:22:25",3714.61,18.43,158.93,11.0,true
"actor-mower-0","2017-04-02 08:22:26",4176.12,64.29,171.32,11.5,true
"actor-mower-0","2017-04-02 08:22:26",1079.55,29.31,179.38,12.0,true
"actor-mower-0","2017-04-02 08:22:27",1678.84,23.85,168.06,12.5,true
"actor-mower-0","2017-04-02 08:22:27",2045.12,28.96,153.4,13.0,true
"actor-mower-0","2017-04-02 08:22:28",2443.43,18.14,166.0,13.5,true
"actor-mower-0","2017-04-02 08:22:28",3005.79,22.64,133.95,14.0,true
"actor-mower-0","2017-04-02 08:22:29",3520.24,24.66,150.29,14.5,true
"actor-mower-0","2017-04-02 08:22:29",3794.83,24.05,151.65,15.0,true
"actor-mower-0","2017-04-02 08:22:30",4284.33,28.36,148.86,15.5,true
"actor-mower-0","2017-04-02 08:22:30",1005.37,25.11,148.54,16.0,true
"actor-mower-0","2017-04-02 08:22:31",1753.86,24.62,145.46,16.5,true
"actor-mower-0","2017-04-02 08:22:31",2171.61,17.99,126.62,17.0,true
"actor-mower-0","2017-04-02 08:22:32",2810.4,20.94,145.39,17.5,true
"actor-mower-0","2017-04-02 08:22:32",3212.35,24.99,149.11,18.0,true
"actor-mower-0","2017-04-02 08:22:33",3580.61,25.04,145.08,18.5,true
"actor-mower-0","2017-04-02 08:22:33",4049.78,15.08,120.16,19.0,true
"actor-mower-0","2017-04-02 08:22:34",1115.88,27.36,119.29,19.5,true
"actor-mower-0","2017-04-02 08:22:35",1653.62,-5.98,120.41,20.0,true
"actor-mower-0","2017-04-02 08:22:35",2355.7,25.1,135.6,20.5,true
"actor-mower-0","2017-04-02 08:22:36",2882.96,21.59,112.98,21.0,true
"actor-mower-0","2017-04-02 08:22:36",3532.19,24.99,119.72,21.5,true
"actor-mower-0","2017-04-02 08:22:37",4094.63,25.0,142.58,22.0,true
"actor-mower-0","2017-04-02 08:22:37",1112.03,26.78,143.79,22.5,true
"actor-mower-0","2017-04-02 08:22:38",1550.53,27.79,109.52,23.0,true
"actor-mower-0","2017-04-02 08:22:38",2203.65,29.26,121.83,23.5,true
"actor-mower-0","2017-04-02 08:22:39",2684.56,22.48,118.36,24.0,true
"actor-mower-0","2017-04-02 08:22:39",3254.14,31.42,136.23,24.5,true
"actor-mower-0","2017-04-02 08:22:40",3821.34,26.35,108.42,25.0,true
"actor-mower-0","2017-04-02 08:22:40",4268.55,24.79,114.19,25.5,true
"actor-mower-0","2017-04-02 08:22:41",982.88,25.43,109.03,26.0,true
"actor-mower-0","2017-04-02 08:22:41",1286.17,26.99,96.87,26.5,true
"actor-mower-0","2017-04-02 08:22:42",1840.6,25.23,92.18,27.0,true
"actor-mower-0","2017-04-02 08:22:42",2388.94,21.3,108.07,27.5,true
"actor-mower-0","2017-04-02 08:22:43",2857.66,45.58,96.1,28.0,true
"actor-mower-0","2017-04-02 08:22:43",3254.14,41.84,86.95,28.5,true
"actor-mower-0","2017-04-02 08:22:44",3714.52,24.74,97.38,29.0,true
"actor-mower-0","2017-04-02 08:22:44",4184.65,23.45,86.98,29.5,true
"actor-mower-0","2017-04-02 08:22:45",928.27,21.42,92.87,30.0,true
"actor-mower-0","2017-04-02 08:22:45",1558.39,24.99,94.6,30.5,true
"actor-mower-0","2017-04-02 08:22:46",2263.42,29.33,91.48,31.0,true
"actor-mower-0","2017-04-02 08:22:46",2815.61,29.42,101.98,31.5,true
"actor-mower-0","2017-04-02 08:22:47",3484.5,26.88,67.82,32.0,true
"actor-mower-0","2017-04-02 08:22:48",3767.18,26.71,95.28,32.5,true
"actor-mower-0","2017-04-02 08:22:48",4316.69,24.53,82.39,33.0,true
"actor-mower-0","2017-04-02 08:22:49",1024.96,31.14,86.22,33.5,true
"actor-mower-0","2017-04-02 08:22:49",1616.97,27.33,82.29,34.0,true
"actor-mower-0","2017-04-02 08:22:50",2301.57,24.76,72.0,34.5,true
"actor-mower-0","2017-04-02 08:22:50",2524.54,25.05,87.05,35.0,true
"actor-mower-0","2017-04-02 08:22:51",3121.59,5.28,86.98,35.5,true
"actor-mower-0","2017-04-02 08:22:51",3612.58,25.0,83.04,36.0,true
"actor-mower-0","2017-04-02 08:22:52",3882.19,7.56,48.91,36.5,true
"actor-mower-0","2017-04-02 08:22:52",4408.07,26.27,105.49,0.0,false
"actor-mower-0","2017-04-02 08:22:53",895.21,25.04,54.93,0.5,false
"actor-mower-0","2017-04-02 08:22:53",1409.23,41.1,50.91,1.0,false
"actor-mower-0","2017-04-02 08:22:54",1995.99,25.7,71.53,1.5,false
"actor-mower-0","2017-04-02 08:22:54",2519.3,538.83,70.11,2.0,false
"actor-mower-0","2017-04-02 08:22:55",3087.67,25.69,90.52,2.5,false
"actor-mower-0","2017-04-02 08:22:55",3595.7,29.5,86.32,3.0,false
"actor-mower-0","2017-04-02 08:22:56",4255.23,19.22,108.95,3.5,false
"actor-mower-0","2017-04-02 08:22:56",1040.72,21.42,116.69,4.0,false
"actor-mower-0","2017-04-02 08:22:57",1609.09,20.45,138.89,4.5,false
"actor-mower-0","2017-04-02 08:22:57",2107.87,24.95,117.47,5.0,false
"actor-mower-0","2017-04-02 08:22:58",2574.05,-1.51,130.58,5.5,false
"actor-mower-0","2017-04-02 08:22:58",2903.35,22.2,122.74,6.0,false
"actor-mower-0","2017-04-02 08:22:59",3602.43,25.01,160.86,6.5,false
"actor-mower-0","2017-04-02 08:22:59",4311.37,29.51,142.79,7.0,false
"actor-mower-0","2017-04-02 08:23:00",843.7,27.49,145.37,7.5,false
"actor-mower-0","2017-04-02 08:23:01",1276.88,16.3,147.28,8.0,false
"actor-mower-0","2017-04-02 08:23:01",1576.39,23.07,171.16,8.5,false
"actor-mower-0","2017-04-02 08:23:02",1753.72,29.18,150.27,9.0,false
"actor-mower-0","2017-04-02 08:23:02",2076.0,21.22,169.03,9.5,false
"actor-mower-0","2017-04-02 08:23:03",2633.02,24.96,170.26,10.0,false
"actor-mower-0","2017-04-02 08:23:03",2982.05,30.13,161.64,10.5,false
"actor-mower-0","2017-04-02 08:23:04",3110.04,24.85,190.86,11.0,false
"actor-mower-0","2017-04-02 08:23:04",3567.49,-7.57,193.47,11.5,false
"actor-mower-0","2017-04-02 08:23:05",4210.66,30.02,183.49,12.0,false
"actor-mower-0","2017-04-02 08:23:05",875.93,18.34,181.05,12.5,false
"actor-mower-0","2017-04-02 08:23:06",1004.11,25.8,192.64,13.0,false
"actor-mower-0","2017-04-02 08:23:06",1519.11,30.99,198.25,13.5,false
"actor-mower-0","2017-04-02 08:23:07",1977.71,26.93,209.59,14.0,false
"actor-mower-0","2017-04-02 08:23:07",2470.98,19.79,220.65,14.5,false
"actor-mower-0","2017-04-02 08:23:08",3103.48,47.46,216.42,15.0,false
"actor-mower-0","2017-04-02 08:23:08",3712.7,20.17,205.84,15.5,false
"actor-mower-0","2017-04-02 08:23:09",4564.28,29.81,192.39,16.0,false
"actor-mower-0","2017-04-02 08:23:09",1153.0,27.15,205.61,16.5,false
"actor-mower-0","2017-04-02 08:23:10",1608.59,24.36,227.62,17.0,false
"actor-mower-0","2017-04-02 08:23:10",2221.47,24.48,215.04,17.5,false
"actor-mower-0","2017-04-02 08:23:11",2693.95,13.28,204.55,18.0,false
"actor-mower-0","2017-04-02 08:23:11",3080.5,25.26,226.39,18.5,false
"actor-mower-0","2017-04-02 08:23:12",3586.42,20.56,211.59,19.0,false
"actor-mower-0","2017-04-02 08:23:12",4123.22,24.99,210.0,19.5,false
"actor-mower-0","2017-04-02 08:23:13",1068.49,23.2,210.03,20.0,false
"actor-mower-0","2017-04-02 08:23:14",1556.82,38.31,219.15,20.5,false
"actor-mower-0","2017-04-02 08:23:14",2185.59,26.0,224.62,21.0,false
"actor-mower-0","2017-04-02 08:23:15",2583.13,25.08,230.21,21.5,false
"actor-mower-0","2017-04-02 08:23:15",2821.08,46.24,232.82,22.0,false
"actor-mower-0","2017-04-02 08:23:16",3508.47,28.86,222.51,22.5,false
"actor-mower-0","2017-04-02 08:23:16",4020.02,29.79,212.44,23.0,false
"actor-mower-0","2017-04-02 08:23:17",1172.49,24.99,220.54,23.5,false
"actor-mower-0","2017-04-02 08:23:17",1492.27,24.55,229.91,24.0,false
"actor-mower-0","2017-04-02 08:23:18",1593.77,25.29,228.81,24.5,false
"actor-mower-0","2017-04-02 08:23:18",2189.73,34.77,220.53,25.0,false
"actor-mower-0","2017-04-02 08:23:19",2916.66,24.6,237.6,25.5,false
"actor-mower-0","2017-04-02 08:23:19",3492.63,41.2,233.01,26.0,false
"actor-mower-0","2017-04-02 08:23:20",3818.06,13.99,239.4,26.5,false
"actor-mower-0","2017-04-02 08:23:20",4674.21,24.99,230.62,27.0,false
"actor-mower-0","2017-04-02 08:23:21",1242.48,23.59,238.93,27.5,false
"actor-mower-0","2017-04-02 08:23:21",1981.65,32.34,239.16,28.0,false
"actor-mower-0","2017-04-02 08:23:22",2681.41,25.03,233.51,28.5,false
"actor-mower-0","2017-04-02 08:23:22",3391.78,20.32,250.78,29.0,false
"actor-mower-0","2017-04-02 08:23:23",4001.06,48.11,242.66,0.0,true
"actor-mower-0","2017-04-02 08:23:23",1047.95,24.54,256.18,0.5,true
"actor-mower-0","2017-04-02 08:23:24",1630.53,28.38,252.39,1.0,true
"actor-mower-0","2017-04-02 08:23:24",2116.64,32.49,226.86,1.5,true
"actor-mower-0","2017-04-02 08:23:25",2895.23,25.81,240.55,2.0,true
"actor-mower-0","2017-04-02 08:23:25",3439.42,24.77,230.58,2.5,true
"actor-mower-0","2017-04-02 08:23:26",4010.91,48.61,231.79,3.0,true
"actor-mower-0","2017-04-02 08:23:27",1031.38,21.78,217.46,3.5,true
"actor-mower-0","2017-04-02 08:23:27",1454.06,24.99,215.3,4.0,true
"actor-mower-0","2017-04-02 08:23:28",2030.56,25.65,230.64,4.5,true
"actor-mower-0","2017-04-02 08:23:28",2369.17,25.0,212.0,5.0,true
"actor-mower-0","2017-04-02 08:23:29",2652.53,24.73,178.77,5.5,true
"actor-mower-0","2017-04-02 08:23:29",3061.13,26.76,216.6,6.0,true
"actor-mower-0","2017-04-02 08:23:30",3223.5,22.23,190.15,6.5,true
"actor-mower-0","2017-04-02 08:23:30",3842.8,17.64,203.52,7.0,true
"actor-mower-0","2017-04-02 08:23:31",4430.84,25.19,192.22,7.5,true
"actor-mower-0","2017-04-02 08:23:31",1206.18,14.96,189.44,8.0,true
"actor-mower-0","2017-04-02 08:23:32",1838.05,25.17,176.2,8.5,true
"actor-mower-0","2017-04-02 08:23:32",2334.13,24.46,159.85,9.0,true
"actor-mower-0","2017-04-02 08:23:33",2867.36,25.02,173.21,9.5,true
"actor-mower-0","2017-04-02 08:23:33",3201.95,33.48,161.29,10.0,true
"actor-mower-0","2017-04-02 08:23:34",3880.58,23.93,157.25,10.5,true
"actor-mower-0","2017-04-02 08:23:34",4293.28,25.58,161.48,11.0,true
"actor-mower-0","2017-04-02 08:23:35",802.18,27.19,146.22,11.5,true
"actor-mower-0","2017-04-02 08:23:35",1215.76,24.39,166.24,12.0,true
"actor-mower-0","2017-04-02 08:23:36",1599.6,42.45,154.87,12.5,true
"actor-mower-0","2017-04-02 08:23:36",2015.91,26.31,148.13,13.0,true
"actor-mower-0","2017-04-02 08:23:37",2645.32,26.27,154.55,13.5,true
"actor-mower-0","2017-04-02 08:23:37",2641.95,15.07,150.63,14.0,true
"actor-mower-0","2017-04-02 08:23:38",3109.64,22.22,152.19,14.5,true
"actor-mower-0","2017-04-02 08:23:38",3567.59,25.55,164.41,15.0,true
"actor-mower-0","2017-04-02 08:23:39",4211.85,24.93,140.17,15.5,true
"actor-mower-0","2017-04-02 08:23:40",974.72,24.92,134.89,16.0,true
"actor-mower-0","2017-04-02 08:23:40",1299.17,24.31,135.99,16.5,true
"actor-mower-0","2017-04-02 08:23:41",2005.07,25.1,155.16,17.0,true
"actor-mower-0","2017-04-02 08:23:41",2539.02,28.68,140.94,17.5,true
"actor-mower-0","2017-04-02 08:23:42",3130.82,26.34,135.63,18.0,true
"actor-mower-0","2017-04-02 08:23:42",3453.24,39.23,129.02,18.5,true
"actor-mower-0","2017-04-02 08:23:43",3888.33,25.82,132.2,19.0,true
"actor-mower-0","2017-04-02 08:23:43",4508.72,25.06,131.36,19.5,true
"actor-mower-0","2017-04-02 08:23:44",778.02,18.89,112.22,20.0,true
"actor-mower-0","2017-04-02 08:23:44",1371.46,32.02,103.86,20.5,true
"actor-mower-0","2017-04-02 08:23:45",1776.85,16.82,142.97,21.0,true
"actor-mower-0","2017-04-02 08:23:45",2046.89,25.0,121.35,21.5,true
"actor-mower-0","2017-04-02 08:23:46",2700.47,23.46,117.15,22.0,true
"actor-mower-0","2017-04-02 08:23:46",3110.58,20.93,114.22,22.5,true
"actor-mower-0","2017-04-02 08:23:47",3438.13,21.05,122.68,23.0,true
"actor-mower-0","2017-04-02 08:23:47",3774.33,39.33,119.71,23.5,true
"actor-mower-0","2017-04-02 08:23:48",4138.96,24.91,124.5,24.0,true
"actor-mower-0","2017-04-02 08:23:48",932.83,24.94,96.1,24.5,true
"actor-mower-0","2017-04-02 08:23:49",1562.38,26.11,110.0,25.0,true
"actor-mower-0","2017-04-02 08:23:49",1981.43,23.99,107.56,25.5,true
"actor-mower-0","2017-04-02 08:23:50",2627.29,25.41,116.75,26.0,true
"actor-mower-0","2017-04-02 08:23:50",3382.68,25.0,80.21,26.5,true
"actor-mower-0","2017-04-02 08:23:51",3934.71,21.45,100.87,27.0,true
"actor-mower-0","2017-04-02 08:23:51",4299.05,25.39,104.42,27.5,true
"actor-mower-0","2017-04-02 08:23:52",944.89,26.51,106.76,28.0,true
"actor-mower-0","2017-04-02 08:23:53",1306.31,25.48,98.92,28.5,true
"actor-mower-0","2017-04-02 08:23:53",1972.53,22.67,102.65,29.0,true
"actor-mower-0","2017-04-02 08:23:54",2553.14,18.2,113.8,29.5,true
"actor-mower-0","2017-04-02 08:23:54",3258.52,23.04,90.45,30.0,true
"actor-mower-0","2017-04-02 08:23:55",3652.95,25.29,106.17,30.5,true
"actor-mower-0","2017-04-02 08:23:55",4127.11,25.13,106.83,31.0,true
"actor-mower-0","2017-04-02 08:23:56",884.77,30.32,97.67,31.5,true
"actor-mower-0","2017-04-02 08:23:56",1555.56,21.28,89.72,32.0,true
"actor-mower-0","2017-04-02 08:23:57",1981.22,4.78,109.88,32.5,true
"actor-mower-0","2017-04-02 08:23:57",2641.92,25.31,77.37,33.0,true
"actor-mower-0","2017-04-02 08:23:58",3025.34,24.36,61.21,33.5,true
"actor-mower-0","2017-04-02 08:23:58",3254.49,25.02,83.64,34.0,true
"actor-mower-0","2017-04-02 08:23:59",3638.0,24.24,81.94,34.5,true
"actor-mower-0","2017-04-02 08:23:59",4060.8,44.42,86.06,35.0,true
"actor-mower-0","2017-04-02 08:24:00",985.35,15.24,96.53,35.5,true
"actor-mower-0","2017-04-02 08:24:00",1409.59,33.87,70.34,36.0,true
"actor-mower-0","2017-04-02 08:24:01",2145.06,49.78,59.96,36.5,true
"actor-mower-0","2017-04-02 08:24:01",2623.51,24.95,77.68,37.0,true
"actor-mower-0","2017-04-02 08:24:02",3061.81,22.78,82.89,37.5,true
"actor-mower-0","2017-04-02 08:24:02",3504.41,26.19,71.66,38.0,true
"actor-mower-0","2017-04-02 08:24:03",4000.57,25.17,68.46,38.5,true
"actor-mower-0","2017-04-02 08:24:03",1001.63,25.56,68.16,39.0,true
"actor-mower-0","2017-04-02 08:24:04",1483.0,23.8,87.22,39.5,true
"actor-mower-0","2017-04-02 08:24:04",1844.54,25.51,82.08,40.0,true
"actor-mower-0","2017-04-02 08:24:05",2102.93,25.14,88.64,40.5,true
"actor-mower-0","2017-04-02 08:24:06",2484.77,25.0,69.8,41.0,true
"actor-mower-0","2017-04-02 08:24:06",2978.18,25.06,85.59,41.5,true
"actor-mower-0","2017-04-02 08:24:07",3573.99,26.31,63.03,42.0,true
"actor-mower-0","2017-04-02 08:24:07",3904.84,24.78,66.55,42.5,true
"actor-mower-0","2017-04-02 08:24:08",4360.98,18.96,78.67,43.0,true
"actor-mower-0","2017-04-02 08:24:08",1078.87,24.99,68.9,43.5,true
"actor-mower-0","2017-04-02 08:24:09",1476.76,13.99,66.93,44.0,true
"actor-mower-0","2017-04-02 08:24:09",2441.62,24.51,62.48,44.5,true
"actor-mower-0","2017-04-02 08:24:10",3161.79,61.81,71.82,45.0,true
"actor-mower-0","2017-04-02 08:24:10",3368.85,25.19,61.5,45.5,true
"actor-mower-0","2017-04-02 08:24:11",3633.81,24.8,64.83,46.0,true
"actor-mower-0","2017-04-02 08:24:11",4243.08,30.18,66.22,46.5,true
"actor-mower-0","2017-04-02 08:24:12",1050.32,24.99,75.92,47.0,true
"actor-mower-0","2017-04-02 08:24:12",1498.94,25.13,60.36,47.5,true
"actor-mower-0","2017-04-02 08:24:13",1647.37,25.21,74.62,48.0,true
"actor-mower-0","2017-04-02 08:24:13",2028.93,25.03,76.35,48.5,true
"actor-mower-0","2017-04-02 08:24:14",2450.11,25.0,79.9,49.0,true
"actor-mower-0","2017-04-02 08:24:14",2981.75,26.86,66.44,49.5,true
"actor-mower-0","2017-04-02 08:24:15",3325.17,25.9,57.41,50.0,true
"actor-mower-0","2017-04-02 08:24:15",3700.65,27.12,79.2,50.5,true
"actor-mower-0","2017-04-02 08:24:16",4351.87,28.1,65.17,51.0,true
"actor-mower-0","2017-04-02 08:24:16",585.48,29.96,66.9,51.5,true
"actor-mower-0","2017-04-02 08:24:17",1070.75,25.54,53.46,52.0,true
"actor-mower-0","2017-04-02 08:24:17",1328.27,55.35,60.32,52.5,true
"actor-mower-0","2017-04-02 08:24:18",1911.62,24.99,59.5,53.0,true
"actor-mower-0","2017-04-02 08:24:19",2445.28,25.53,50.52,53.5,true
"actor-mower-0","2017-04-02 08:24:19",2980.84,14.15,67.59,54.0,true
"actor-mower-0","2017-04-02 08:24:20",3407.14,22.48,59.43,54.5,true
"actor-mower-0","2017-04-02 08:24:20",3650.19,26.05,61.78,55.0,true
"actor-mower-0","2017-04-02 08:24:21",3935.71,33.18,41.25,55.5,true
"actor-mower-0","2017-04-02 08:24:21",4598.5,26.74,84.41,0.0,false
"actor-mower-0","2017-04-02 08:24:22",1117.61,24.36,42.88,0.5,false
"actor-mower-0","2017-04-02 08:24:22",1378.88,24.99,67.09,1.0,false
"actor-mower-0","2017-04-02 08:24:23",1703.07,26.28,60.77,1.5,false
"actor-mower-0","2017-04-02 08:24:23",2047.66,24.89,88.51,2.0,false
"actor-mower-0","2017-04-02 08:24:24",2291.28,23.6,113.56,2.5,false
"actor-mower-0","2017-04-02 08:24:24",2839.29,24.89,93.41,3.0,false
"actor-mower-0","2017-04-02 08:24:25",3397.55,20.63,91.3,3.5,false
"actor-mower-0","2017-04-02 08:24:25",4275.54,21.02,115.29,4.0,false
"actor-mower-0","2017-04-02 08:24:26",1257.49,24.82,125.37,4.5,false
"actor-mower-0","2017-04-02 08:24:26",1717.35,25.1,131.08,5.0,false
"actor-mower-0","2017-04-02 08:24:27",2217.79,25.12,128.92,5.5,false
"actor-mower-0","2017-04-02 08:24:27",2570.48,24.97,143.31,6.0,false
"actor-mower-0","2017-04-02 08:24:28",3176.28,22.67,142.6,6.5,false
"actor-mower-0","2017-04-02 08:24:28",3537.23,25.0,148.19,7.0,false
"actor-mower-0","2017-04-02 08:24:29",4196.09,31.07,164.97,7.5,false
"actor-mower-0","2017-04-02 08:24:29",1180.86,25.87,159.65,8.0,false
"actor-mower-0","2017-04-02 08:24:30",1822.84,24.31,150.51,8.5,false
"actor-mower-0","2017-04-02 08:24:30",2253.67,21.85,185.65,9.0,false
"actor-mower-0","2017-04-02 08:24:31",2677.96,25.75,168.46,9.5,false
"actor-mower-0","2017-04-02 08:24:32",3125.83,20.78,175.31,10.0,false
"actor-mower-0","2017-04-02 08:24:32",3575.71,25.93,183.83,10.5,false
"actor-mower-0","2017-04-02 08:24:33",3978.99,25.93,197.69,11.0,false
"actor-mower-0","2017-04-02 08:24:33",4416.82,25.49,187.38,11.5,false
"actor-mower-0","2017-04-02 08:24:34",935.15,24.99,177.96,12.0,false
"actor-mower-0","2017-04-02 08:24:34",1323.7,25.14,185.79,12.5,false
"actor-mower-0","2017-04-02 08:24:35",1628.9,23.66,174.5,13.0,false
"actor-mower-0","2017-04-02 08:24:35",2171.71,22.61,181.12,13.5,false
"actor-mower-0","2017-04-02 08:24:36",2750.89,25.95,208.49,14.0,false
"actor-mower-0","2017-04-02 08:24:36",3449.13,25.04,196.15,14.5,false
"actor-mower-0","2017-04-02 08:24:37",3926.2,29.86,201.6,15.0,false
"actor-mower-0","2017-04-02 08:24:37",4643.16,27.47,182.96,15.5,false
"actor-mower-0","2017-04-02 08:24:38",1043.97,26.09,191.52,16.0,false
"actor-mower-0","2017-04-02 08:24:38",1733.29,30.1,211.06,16.5,false
"actor-mower-0","2017-04-02 08:24:39",2220.92,25.19,246.02,17.0,false
"actor-mower-0","2017-04-02 08:24:39",2880.06,25.35,218.11,17.5,false
"actor-mower-0","2017-04-02 08:24:40",3254.62,15.63,205.11,18.0,false
"actor-mower-0","2017-04-02 08:24:40",3645.95,44.89,229.83,18.5,false
"actor-mower-0","2017-04-02 08:24:41",4238.1,28.67,231.45,19.0,false
"actor-mower-0","2017-04-02 08:24:41",1076.98,24.99,241.77,19.5,false
"actor-mower-0","2017-04-02 08:24:42",1960.4,22.75,206.51,20.0,false
"actor-mower-0","2017-04-02 08:24:42",2467.28,22.8,233.97,20.5,false
"actor-mower-0","2017-04-02 08:24:43",2859.99,25.04,213.28,21.0,false
"actor-mower-0","2017-04-02 08:24:43",3156.36,24.99,229.75,21.5,false
"actor-mower-0","2017-04-02 08:24:44",3604.51,16.56,227.2,22.0,false
"actor-mower-0","2017-04-02 08:24:45",4193.36,25.11,224.77,22.5,false
"actor-mower-0","2017-04-02 08:24:45",940.33,25.84,231.7,23.0,false
"actor-mower-0","2017-04-02 08:24:46",1331.62,27.34,215.94,23.5,false
"actor-mower-0","2017-04-02 08:24:46",1718.49,40.36,239.96,24.0,false
"actor-mower-0","2017-04-02 08:24:47",2083.54,24.95,242.42,24.5,false
"actor-mower-0","2017-04-02 08:24:47",2699.12,24.49,234.33,25.0,false
"actor-mower-0","2017-04-02 08:24:48",3277.21,25.05,251.98,25.5,false
"actor-mower-0","2017-04-02 08:24:48",3594.38,26.5,233.51,0.0,true
"actor-mower-0","2017-04-02 08:24:49",4199.07,15.13,255.48,0.5,true
"actor-mower-0","2017-04-02 08:24:49",868.75,29.33,252.48,1.0,true
"actor-mower-0","2017-04-02 08:24:50",1451.65,24.24,251.42,1.5,true
"actor-mower-0","2017-04-02 08:24:50",1778.83,24.11,232.89,2.0,true
"actor-mower-0","2017-04-02 08:24:51",2386.53,32.16,216.79,2.5,true
"actor-mower-0","2017-04-02 08:24:51",2904.03,30.91,211.0,3.0,true
"actor-mower-0","2017-04-02 08:24:52",3129.49,31.73,215.47,3.5,true
"actor-mower-0","2017-04-02 08:24:52",3671.03,215.8,209.91,4.0,true
"actor-mower-0","2017-04-02 08:24:53",4280.49,32.25,207.18,4.5,true
"actor-mower-0","2017-04-02 08:24:53",953.74,25.0,189.15,5.0,true
"actor-mower-0","2017-04-02 08:24:54",1513.33,25.17,210.96,5.5,true
"actor-mower-0","2017-04-02 08:24:54",1917.55,24.03,188.03,6.0,true
"actor-mower-0","2017-04-02 08:24:55",2183.49,23.33,205.51,6.5,true
"actor-mower-0","2017-04-02 08:24:55",2716.65,15.99,184.17,7.0,true
"actor-mower-0","2017-04-02 08:24:56",3221.78,24.99,203.1,7.5,true
"actor-mower-0","2017-04-02 08:24:56",3691.83,28.47,187.6,8.0,true
"actor-mower-0","2017-04-02 08:24:57",4231.18,53.3,182.54,8.5,true
"actor-mower-0","2017-04-02 08:24:58",1258.52,7.22,190.34,9.0,true
"actor-mower-0","2017-04-02 08:24:58",1610.31,25.05,157.7,9.5,true
"actor-mower-0","2017-04-02 08:24:59",1947.78,33.86,164.18,10.0,true
"actor-mower-0","2017-04-02 08:24:59",2332.18,19.44,161.99,10.5,true
"actor-mower-0","2017-04-02 08:25:00",2864.02,32.86,156.91,11.0,true
"actor-mower-0","2017-04-02 08:25:00",3125.82,25.03,180.79,11.5,true
"actor-mower-0","2017-04-02 08:25:01",3492.95,25.01,166.25,12.0,true
"actor-mower-0","2017-04-02 08:25:01",3940.08,24.96,159.07,12.5,true
"actor-mower-0","2017-04-02 08:25:02",4466.33,25.14,159.85,13.0,true
"actor-mower-0","2017-04-02 08:25:02",748.51,21.28,149.79,13.5,true
"actor-mower-0","2017-04-02 08:25:03",1120.67,24.93,160.79,14.0,true
"actor-mower-0","2017-04-02 08:25:03",1739.83,19.0,166.93,14.5,true
"actor-mower-0","2017-04-02 08:25:04",2105.45,25.03,148.17,15.0,true
"actor-mower-0","2017-04-02 08:25:04",2572.11,19.94,145.66,15.5,true
"actor-mower-0","2017-04-02 08:25:05",2977.69,24.99,157.62,16.0,true
"actor-mower-0","2017-04-02 08:25:05",3693.93,25.47,145.73,16.5,true
"actor-mower-0","2017-04-02 08:25:06",3924.67,23.34,137.52,17.0,true
"actor-mower-0","2017-04-02 08:25:06",4531.13,25.16,127.93,17.5,true
"actor-mower-0","2017-04-02 08:25:07",1005.32,23.88,140.72,18.0,true
"actor-mower-0","2017-04-02 08:25:07",1562.52,25.14,147.93,18.5,true
"actor-mower-0","2017-04-02 08:25:08",1936.8,23.82,133.86,19.0,true
"actor-mower-0","2017-04-02 08:25:08",2301.65,37.23,136.08,19.5,true
"actor-mower-0","2017-04-02 08:25:09",2709.15,3.52,124.36,20.0,true
"actor-mower-0","2017-04-02 08:25:09",3213.7,19.91,126.86,20.5,true
"actor-mower-0","2017-04-02 08:25:10",3797.16,25.01,119.69,21.0,true
"actor-mower-0","2017-04-02 08:25:11",4299.69,24.33,119.05,21.5,true
"actor-mower-0","2017-04-02 08:25:11",987.52,26.81,109.63,22.0,true
"actor-mower-0","2017-04-02 08:25:12",1689.39,21.2,110.83,22.5,true
"actor-mower-0","2017-04-02 08:25:12",2333.83,17.03,109.35,23.0,true
"actor-mower-0","2017-04-02 08:25:13",2694.01,8.15,110.05,23.5,true
"actor-mower-0","2017-04-02 08:25:13",3467.66,21.35,112.42,24.0,true
"actor-mower-0","2017-04-02 08:25:14",3904.88,24.52,98.41,24.5,true
"actor-mower-0","2017-04-02 08:25:14",4234.45,24.44,108.14,25.0,true
"actor-mower-0","2017-04-02 08:25:15",932.05,25.5,110.05,25.5,true
"actor-mower-0","2017-04-02 08:25:15",1272.23,25.0,99.16,26.0,true
"actor-mower-0","2017-04-02 08:25:16",1468.54,26.11,90.58,26.5,true
"actor-mower-0","2017-04-02 08:25:16",2105.03,26.78,106.69,27.0,true
"actor-mower-0","2017-04-02 08:25:17",2581.12,25.1,106.14,27.5,true
"actor-mower-0","2017-04-02 08:25:17",3114.6,27.23,102.47,28.0,true
"actor-mower-0","2017-04-02 08:25:18",3740.59,14.83,82.34,28.5,true
"actor-mower-0","2017-04-02 08:25:18",4312.8,25.14,82.62,29.0,true
"actor-mower-0","2017-04-02 08:25:19",814.82,25.95,88.75,29.5,true
"actor-mower-0","2017-04-02 08:25:19",1235.9,23.66,95.22,30.0,true
"actor-mower-0","2017-04-02 08:25:20",1832.28,29.27,98.67,30.5,true
"actor-mower-0","2017-04-02 08:25:20",2568.77,25.44,88.35,31.0,true
"actor-mower-0","2017-04-02 08:25:21",3149.52,24.08,97.47,31.5,true
"actor-mower-0","2017-04-02 08:25:21",3422.83,10.11,93.89,32.0,true
"actor-mower-0","2017-04-02 08:25:22",4018.74,19.8,86.17,32.5,true
"actor-mower-0","2017-04-02 08:25:22",1235.75,12.87,99.48,33.0,true
"actor-mower-0","2017-04-02 08:25:23",1817.6,18.06,92.49,33.5,true
"actor-mower-0","2017-04-02 08:25:24",2283.27,35.4,94.83,34.0,true
"actor-mower-0","2017-04-02 08:25:24",2476.09,17.67,72.78,34.5,true
"actor-mower-0","2017-04-02 08:25:25",3045.83,25.0,79.39,35.0,true
"actor-mower-0","2017-04-02 08:25:25",3666.06,22.7,83.6,35.5,true
"actor-mower-0","2017-04-02 08:25:26",4025.13,24.58,86.3,36.0,true
"actor-mower-0","2017-04-02 08:25:26",1111.33,26.29,77.97,36.5,true
"actor-mower-0","2017-04-02 08:25:27",1690.14,25.09,101.09,37.0,true
"actor-mower-0","2017-04-02 08:25:27",2195.3,27.14,73.78,37.5,true
"actor-mower-0","2017-04-02 08:25:28",2272.24,29.91,83.89,38.0,true
"actor-mower-0","2017-04-02 08:25:28",2513.26,17.98,85.2,38.5,true
"actor-mower-0","2017-04-02 08:25:29",3402.62,25.93,63.01,39.0,true
"actor-mower-0","2017-04-02 08:25:29",3723.63,28.77,93.36,39.5,true
"actor-mower-0","2017-04-02 08:25:30",4233.58,26.41,87.04,40.0,true
"actor-mower-0","2017-04-02 08:25:30",1032.49,25.4,73.4,40.5,true
"actor-mower-0","2017-04-02 08:25:31",1506.61,24.15,77.15,41.0,true
"actor-mower-0","2017-04-02 08:25:31",2065.29,24.94,63.36,41.5,true
"actor-mower-0","2017-04-02 08:25:32",2464.6,24.09,74.12,42.0,true
"actor-mower-0","2017-04-02 08:25:32",2898.8,13.08,85.44,42.5,true
"actor-mower-0","2017-04-02 08:25:33",3049.87,26.96,79.69,43.0,true
"actor-mower-0","2017-04-02 08:25:33",3450.48,25.01,78.8,43.5,true
"actor-mower-0","2017-04-02 08:25:34",4301.82,26.76,88.15,44.0,true
"actor-mower-0","2017-04-02 08:25:34",865.82,16.37,68.74,44.5,true
"actor-mower-0","2017-04-02 08:25:35",1153.73,22.51,93.67,45.0,true
"actor-mower-0","2017-04-02 08:25:35",1851.85,24.36,85.86,45.5,true
"actor-mower-0","2017-04-02 08:25:36",2676.6,25.04,85.84,46.0,true
"actor-mower-0","2017-04-02 08:25:37",3173.89,31.06,64.58,46.5,true
"actor-mower-0","2017-04-02 08:25:37",3825.67,10.26,69.71,47.0,true
"actor-mower-0","2017-04-02 08:25:38",4345.68,27.18,64.96,47.5,true
"actor-mower-0","2017-04-02 08:25:38",920.27,28.2,57.43,48.0,true
"actor-mower-0","2017-04-02 08:25:39",1566.54,26.05,67.07,48.5,true
"actor-mower-0","2017-04-02 08:25:39",2046.69,26.51,74.57,49.0,true
"actor-mower-0","2017-04-02 08:25:40",2522.95,24.14,74.32,49.5,true
"actor-mower-0","2017-04-02 08:25:40",3121.27,23.22,78.39,50.0,true
"actor-mower-0","2017-04-02 08:25:41",3533.26,25.95,61.63,50.5,true
"actor-mower-0","2017-04-02 08:25:41",4040.21,24.96,59.98,51.0,true
"actor-mower-0","2017-04-02 08:25:42",1240.01,24.98,52.97,51.5,true
"actor-mower-0","2017-04-02 08:25:42",1530.59,34.46,82.94,52.0,true
"actor-mower-0","2017-04-02 08:25:43",1733.07,24.92,63.0,52.5,true
"actor-mower-0","2017-04-02 08:25:43",2340.56,24.98,73.08,53.0,true
"actor-mower-0","2017-04-02 08:25:44",2912.53,39.22,57.96,53.5,true
"actor-mower-0","2017-04-02 08:25:44",3272.66,25.11,71.63,54.0,true
"actor-mower-0","2017-04-02 08:25:45",4006.32,39.5,54.63,54.5,true
"actor-mower-0","2017-04-02 08:25:45",1029.32,24.59,66.91,55.0,true
"actor-mower-0","2017-04-02 08:25:46",1397.89,27.96,61.96,55.5,true
"actor-mower-0","2017-04-02 08:25:46",1937.78,26.29,61.86,56.0,true
"actor-mower-0","2017-04-02 08:25:47",2470.76,35.38,64.35,56.5,true
"actor-mower-0","2017-04-02 08:25:47",3021.65,23.67,71.07,57.0,true
"actor-mower-0","2017-04-02 08:25:48",3477.83,23.17,56.16,57.5,true
"actor-mower-0","2017-04-02 08:25:48",4195.95,25.06,77.51,58.0,true
"actor-mower-0","2017-04-02 08:25:49",1110.88,22.7,69.85,58.5,true
"actor-mower-0","2017-04-02 08:25:50",1673.54,19.33,65.04,59.0,true
"actor-mower-0","2017-04-02 08:25:50",2282.54,24.41,54.5,59.5,true
"actor-mower-0","2017-04-02 08:25:51",2698.62,25.53,52.62,60.0,true
"actor-mower-0","2017-04-02 08:25:51",3454.38,16.0,62.87,60.5,true
"actor-mower-0","2017-04-02 08:25:52",3745.04,25.18,65.07,61.0,true
"actor-mower-0","2017-04-02 08:25:52",4223.26,32.54,60.94,61.5,true
"actor-mower-0","2017-04-02 08:25:53",925.18,31.39,62.53,62.0,true
"actor-mower-0","2017-04-02 08:25:53",1363.9,23.98,63.57,62.5,true
"actor-mower-0","2017-04-02 08:25:54",1729.27,25.24,48.61,63.0,true
"actor-mower-0","2017-04-02 08:25:54",2137.0,49.46,49.99,0.0,false
"actor-mower-0","2017-04-02 08:25:55",2747.5,25.04,44.71,0.5,false
"actor-mower-0","2017-04-02 08:25:55",3246.03,23.33,47.05,1.0,false
"actor-mower-0","2017-04-02 08:25:56",3668.89,40.69,72.14,1.5,false
"actor-mower-0","2017-04-02 08:25:56",4280.17,24.97,79.64,2.0,false
"actor-mower-0","2017-04-02 08:25:57",1014.72,20.19,74.25,2.5,false
"actor-mower-0","2017-04-02 08:25:57",1470.81,24.57,102.31,3.0,false
"actor-mower-0","2017-04-02 08:25:58",1969.69,22.63,96.36,3.5,false
"actor-mower-0","2017-04-02 08:25:58",2242.58,22.6,104.08,4.0,false
"actor-mower-0","2017-04-02 08:25:59",2873.58,24.27,119.83,4.5,false
"actor-mower-0","2017-04-02 08:25:59",3473.42,48.54,133.22,5.0,false
"actor-mower-0","2017-04-02 08:26:00",3831.41,26.21,113.84,5.5,false
"actor-mower-0","2017-04-02 08:26:00",4089.15,26.59,141.76,6.0,false
"actor-mower-0","2017-04-02 08:26:01",835.74,32.12,140.27,6.5,false
"actor-mower-0","2017-04-02 08:26:01",1262.76,25.4,141.54,7.0,false
"actor-mower-0","2017-04-02 08:26:02",1583.66,27.48,152.22,7.5,false
"actor-mower-0","2017-04-02 08:26:03",2002.33,24.98,161.72,8.0,false
"actor-mower-0","2017-04-02 08:26:03",2648.01,25.51,165.5,8.5,false
"actor-mower-0","2017-04-02 08:26:04",3178.57,30.01,161.46,9.0,false
"actor-mower-0","2017-04-02 08:26:04",3715.42,12.86,170.07,9.5,false
"actor-mower-0","2017-04-02 08:26:05",4137.15,21.95,179.43,10.0,false
"actor-mower-0","2017-04-02 08:26:05",798.33,13.06,191.57,10.5,false
"actor-mower-0","2017-04-02 08:26:06",1330.98,25.96,192.19,11.0,false
"actor-mower-0","2017-04-02 08:26:06",2025.14,34.27,186.83,11.5,false
"actor-mower-0","2017-04-02 08:26:07",2690.19,26.17,181.99,12.0,false
"actor-mower-0","2017-04-02 08:26:07",3069.92,25.46,181.54,12.5,false
"actor-mower-0","2017-04-02 08:26:08",3536.6,21.78,199.08,13.0,false
"actor-mower-0","2017-04-02 08:26:08",3630.86,29.04,204.25,13.5,false
"actor-mower-0","2017-04-02 08:26:09",4259.95,29.31,187.18,14.0,false
"actor-mower-0","2017-04-02 08:26:09",1048.02,18.6,211.4,14.5,false
"actor-mower-0","2017-04-02 08:26:10",1636.77,25.11,198.31,15.0,false
"actor-mower-0","2017-04-02 08:26:10",2251.63,25.0,224.46,15.5,false
"actor-mower-0","2017-04-02 08:26:11",2614.94,24.97,216.46,16.0,false
"actor-mower-0","2017-04-02 08:26:11",3249.37,25.08,220.83,16.5,false
"actor-mower-0","2017-04-02 08:26:12",4064.97,25.04,211.21,17.0,false
"actor-mower-0","2017-04-02 08:26:12",954.47,24.63,216.46,17.5,false
"actor-mower-0","2017-04-02 08:26:13",1636.2,26.38,193.81,18.0,false
"actor-mower-0","2017-04-02 08:26:13",2235.49,31.2,220.1,18.5,false
"actor-mower-0","2017-04-02 08:26:14",2561.83,25.21,218.09,19.0,false
"actor-mower-0","2017-04-02 08:26:14",3011.02,24.15,230.51,19.5,false
"actor-mower-0","2017-04-02 08:26:15",3671.81,22.76,229.92,20.0,false
"actor-mower-0","2017-04-02 08:26:16",4367.39,33.28,224.23,20.5,false
"actor-mower-0","2017-04-02 08:26:16",1273.43,23.79,218.21,21.0,false
"actor-mower-0","2017-04-02 08:26:17",1605.66,27.84,202.75,21.5,false
"actor-mower-0","2017-04-02 08:26:17",1883.55,25.09,242.25,22.0,false
"actor-mower-0","2017-04-02 08:26:18",2569.59,24.33,214.24,22.5,false
"actor-mower-0","2017-04-02 08:26:18",3189.55,25.55,223.32,23.0,false
"actor-mower-0","2017-04-02 08:26:19",3476.18,30.77,246.52,23.5,false
"actor-mower-0","2017-04-02 08:26:19",3922.37,27.93,218.73,24.0,false
"actor-mower-0","2017-04-02 08:26:20",4278.61,32.33,231.57,24.5,false
"actor-mower-0","2017-04-02 08:26:20",1034.31,29.9,230.9,25.0,false
"actor-mower-0","2017-04-02 08:26:21",1519.04,25.04,236.23,25.5,false
"actor-mower-0","2017-04-02 08:26:21",2056.76,26.31,238.29,26.0,false
"actor-mower-0","2017-04-02 08:26:22",2527.87,22.18,227.72,26.5,false
"actor-mower-0","2017-04-02 08:26:22",2975.12,0.75,216.29,27.0,false
"actor-mower-0","2017-04-02 08:26:23",3558.54,25.31,228.34,27.5,false
"actor-mower-0","2017-04-02 08:26:23",4193.13,25.24,265.65,28.0,false
"actor-mower-0","2017-04-02 08:26:24",868.66,22.88,239.9,0.0,true
"actor-mower-0","2017-04-02 08:26:24",1326.43,20.9,272.81,0.5,true
"actor-mower-0","2017-04-02 08:26:25",1767.67,22.37,247.89,1.0,true
"actor-mower-0","2017-04-02 08:26:25",2240.5,23.03,240.79,1.5,true
"actor-mower-0","2017-04-02 08:26:26",2619.5,23.94,240.37,2.0,true
"actor-mower-0","2017-04-02 08:26:26",3155.15,24.9,214.39,2.5,true
"actor-mower-0","2017-04-02 08:26:27",3739.51,25.81,221.31,3.0,true
"actor-mower-0","2017-04-02 08:26:27",4467.37,25.79,227.59,3.5,true
"actor-mower-0","2017-04-02 08:26:28",802.28,0.19,210.48,4.0,true
"actor-mower-0","2017-04-02 08:26:29",1453.79,25.11,204.22,4.5,true
"actor-mower-0","2017-04-02 08:26:29",2159.64,24.85,206.36,5.0,true
"actor-mower-0","2017-04-02 08:26:30",2930.29,30.44,213.54,5.5,true
"actor-mower-0","2017-04-02 08:26:30",3421.63,26.87,183.05,6.0,true
"actor-mower-0","2017-04-02 08:26:31",3899.56,-22.92,204.89,6.5,true
"actor-mower-0","2017-04-02 08:26:31",4335.0,23.13,196.15,7.0,true
"actor-mower-0","2017-04-02 08:26:32",925.17,24.36,175.79,7.5,true
"actor-mower-0","2017-04-02 08:26:32",1369.53,24.99,163.64,8.0,true
"actor-mower-0","2017-04-02 08:26:33",1945.26,26.79,197.9,8.5,true
"actor-mower-0","2017-04-02 08:26:33",2460.43,24.28,176.14,9.0,true
"actor-mower-0","2017-04-02 08:26:34",2947.67,27.55,187.58,9.5,true
"actor-mower-0","2017-04-02 08:26:34",3439.93,31.59,195.26,10.0,true
"actor-mower-0","2017-04-02 08:26:35",3970.96,8.84,177.58,10.5,true
"actor-mower-0","2017-04-02 08:26:35",4583.34,25.16,169.55,11.0,true
"actor-mower-0","2017-04-02 08:26:36",1021.14,24.19,167.39,11.5,true
"actor-mower-0","2017-04-02 08:26:36",1499.36,34.9,170.15,12.0,true
"actor-mower-0","2017-04-02 08:26:37",1970.43,25.21,168.68,12.5,true
"actor-mower-0","2017-04-02 08:26:37",2243.52,27.7,164.93,13.0,true
"actor-mower-0","2017-04-02 08:26:38",2554.62,24.93,157.1,13.5,true
"actor-mower-0","2017-04-02 08:26:38",2803.87,17.56,157.41,14.0,true
"actor-mower-0","2017-04-02 08:26:39",3385.97,43.69,153.09,14.5,true
"actor-mower-0","2017-04-02 08:26:39",3778.85,26.45,158.37,15.0,true
"actor-mower-0","2017-04-02 08:26:40",4291.76,27.47,138.3,15.5,true
"actor-mower-0","2017-04-02 08:26:40",983.28,28.95,133.38,16.0,true
"actor-mower-0","2017-04-02 08:26:41",1369.27,25.02,135.6,16.5,true
"actor-mower-0","2017-04-02 08:26:42",2026.94,18.36,144.74,17.0,true
"actor-mower-0","2017-04-02 08:26:42",2607.9,24.99,137.64,17.5,true
"actor-mower-0","2017-04-02 08:26:43",2980.66,27.25,128.48,18.0,true
"actor-mower-0","2017-04-02 08:26:43",3431.84,29.86,130.17,18.5,true
"actor-mower-0","2017-04-02 08:26:44",3857.06,25.47,126.37,19.0,true
"actor-mower-0","2017-04-02 08:26:44",4645.95,27.68,118.71,19.5,true
"actor-mower-0","2017-04-02 08:26:45",1102.76,25.8,138.34,20.0,true
"actor-mower-0","2017-04-02 08:26:45",1450.84,34.98,118.99,20.5,true
"actor-mower-0","2017-04-02 08:26:46",2100.43,28.0,108.19,21.0,true
"actor-mower-0","2017-04-02 08:26:46",2594.51,20.87,123.14,21.5,true
"actor-mower-0","2017-04-02 08:26:47",3246.97,24.46,113.58,22.0,true
